alpha_0,alpha_1,alpha_2,alpha_3,alpha_4,alpha_5,alpha_6,alpha_7,alpha_8,alpha_9,alpha_10,alpha_11,alpha_12,alpha_13,alpha_14,alpha_15,alpha_16,alpha_17,alpha_18,alpha_19,alpha_20,alpha_21,alpha_22,alpha_23,alpha_24,alpha_25,alpha_26,alpha_27,alpha_28,alpha_29,alpha_30,alpha_31,alpha_32,alpha_33,alpha_34,alpha_35,alpha_36,alpha_37,alpha_38,alpha_39,alpha_40,alpha_41,alpha_42,alpha_43,alpha_44,alpha_45,alpha_46,alpha_47,alpha_48,alpha_49,lambda_nm,distance_m,flux_0,flux_1,flux_2,flux_3,flux_4,flux_5,flux_6,flux_7,flux_8,flux_9,flux_10,flux_11,flux_12,flux_13,flux_14,flux_15,flux_16,flux_17,flux_18,flux_19,flux_20,flux_21,flux_22,flux_23,flux_24,flux_25,flux_26,flux_27,flux_28,flux_29,flux_30,flux_31,flux_32,flux_33,flux_34,flux_35,flux_36,flux_37,flux_38,flux_39,flux_40,flux_41,flux_42,flux_43,flux_44,flux_45,flux_46,flux_47,flux_48,flux_49
-0.0441365342,-0.04545449305,-0.0466168634,-0.0464726205,-0.04509926115,-0.043952602800000004,-0.043131941949999995,-0.04335239155,-0.0443292096,-0.04472492035,-0.044359426349999995,-0.0441856823,-0.0439982776,-0.0440245296,-0.0438677178,-0.0442196267,-0.045709389749999996,-0.0471948948,-0.04753616715,-0.04663060645,-0.04555159155,-0.0439507441,-0.0433267092,-0.0428529636,-0.04283163975,-0.0419679875,-0.0409132349,-0.0405030478,-0.04003359435,-0.03985588305,-0.0400507701,-0.04108307305,-0.0408288117,-0.039965383,-0.038818768,-0.039310435049999995,-0.04023888765,-0.0413418076,-0.04265995475,-0.04263407915,-0.04122475585,-0.04084963105,-0.040792458,-0.0409369386,-0.0412855853,-0.04222440235,-0.04259778715,-0.041730931900000004,-0.0404016182,-0.03977108965,532,47.0,0.0,0.0,0.0,0.0,0.0,0.0,0.0,0.0,0.0,0.0,0.0,0.0,0.0,0.0,0.0,0.0,0.0,0.0,0.0,0.0,0.0,0.0,0.0,0.0,0.0,0.0,0.0,0.0,0.0,0.0,0.0,0.0,0.0,0.0,0.0,0.0,0.0,0.0,0.0,0.0,0.0,0.0,0.0,0.0,9.069760977865406e-290,2.4770269072454434e-262,2.559583650803194e-236,1.1019788464361554e-211,2.142182776002328e-188,2.0063645424123667e-166
-0.0441365342,-0.04545449305,-0.0466168634,-0.0464726205,-0.04509926115,-0.043952602800000004,-0.043131941949999995,-0.04335239155,-0.0443292096,-0.04472492035,-0.044359426349999995,-0.0441856823,-0.0439982776,-0.0440245296,-0.0438677178,-0.0442196267,-0.045709389749999996,-0.0471948948,-0.04753616715,-0.04663060645,-0.04555159155,-0.0439507441,-0.0433267092,-0.0428529636,-0.04283163975,-0.0419679875,-0.0409132349,-0.0405030478,-0.04003359435,-0.03985588305,-0.0400507701,-0.04108307305,-0.0408288117,-0.039965383,-0.038818768,-0.039310435049999995,-0.04023888765,-0.0413418076,-0.04265995475,-0.04263407915,-0.04122475585,-0.04084963105,-0.040792458,-0.0409369386,-0.0412855853,-0.04222440235,-0.04259778715,-0.041730931900000004,-0.0404016182,-0.03977108965,532,12.0,0.0,0.0,0.0,0.0,0.0,0.0,2.4295948314802936e-271,2.429349804912307e-206,2.5917422954648886e-156,3.630445245875972e-116,1.7754365206742e-83,6.554351693871409e-57,9.869509644033534e-36,1.1134137592191164e-19,3.3038459966263e-09,1.5737800014335515e-05,0.0010270347945916,0.0153039072127934,0.0428163742323935,0.0829577145545984,0.1378267129853534,0.2115728047007433,0.2974956563347142,0.3926605027392197,0.5044252964177446,0.6370843747418831,0.7819086492127877,0.9326215891563028,1.099642118372391,1.2912081369374282,1.4955469456814687,1.7035956189156307,1.9247741410822332,2.1739673558042596,2.4388859846336364,2.7045927942440877,2.979822856899445,3.285381242106219,3.6115616913397712,3.9353341782438815,4.265209098203195,4.626117079826422,5.012343070609596,5.396495381462117,5.780958795795762,6.195789742753917,6.641948356750973,7.087357289171511,7.527025106469921,7.994904585683821
-0.0441365342,-0.04545449305,-0.0466168634,-0.0464726205,-0.04509926115,-0.043952602800000004,-0.043131941949999995,-0.04335239155,-0.0443292096,-0.04472492035,-0.044359426349999995,-0.0441856823,-0.0439982776,-0.0440245296,-0.0438677178,-0.0442196267,-0.045709389749999996,-0.0471948948,-0.04753616715,-0.04663060645,-0.04555159155,-0.0439507441,-0.0433267092,-0.0428529636,-0.04283163975,-0.0419679875,-0.0409132349,-0.0405030478,-0.04003359435,-0.03985588305,-0.0400507701,-0.04108307305,-0.0408288117,-0.039965383,-0.038818768,-0.039310435049999995,-0.04023888765,-0.0413418076,-0.04265995475,-0.04263407915,-0.04122475585,-0.04084963105,-0.040792458,-0.0409369386,-0.0412855853,-0.04222440235,-0.04259778715,-0.041730931900000004,-0.0404016182,-0.03977108965,532,40.0,0.0,0.0,0.0,0.0,0.0,0.0,0.0,0.0,0.0,0.0,0.0,0.0,0.0,0.0,0.0,0.0,0.0,0.0,0.0,0.0,0.0,0.0,0.0,0.0,0.0,0.0,0.0,0.0,0.0,0.0,0.0,0.0,0.0,0.0,0.0,0.0,9.352919038625052e-284,2.7876159551273318e-254,1.4792638330390179e-226,1.6432536107399073e-200,4.3693484079604965e-176,3.0980456470690073e-153,6.363428155319082e-132,4.0100980266987723e-112,7.992099820785486e-94,5.03641118134885e-77,9.66883944974368e-62,5.189665634454787e-48,6.661057450952711e-36,1.5575464190605289e-25
-0.0441365342,-0.04545449305,-0.0466168634,-0.0464726205,-0.04509926115,-0.043952602800000004,-0.043131941949999995,-0.04335239155,-0.0443292096,-0.04472492035,-0.044359426349999995,-0.0441856823,-0.0439982776,-0.0440245296,-0.0438677178,-0.0442196267,-0.045709389749999996,-0.0471948948,-0.04753616715,-0.04663060645,-0.04555159155,-0.0439507441,-0.0433267092,-0.0428529636,-0.04283163975,-0.0419679875,-0.0409132349,-0.0405030478,-0.04003359435,-0.03985588305,-0.0400507701,-0.04108307305,-0.0408288117,-0.039965383,-0.038818768,-0.039310435049999995,-0.04023888765,-0.0413418076,-0.04265995475,-0.04263407915,-0.04122475585,-0.04084963105,-0.040792458,-0.0409369386,-0.0412855853,-0.04222440235,-0.04259778715,-0.041730931900000004,-0.0404016182,-0.03977108965,532,15.0,0.0,0.0,0.0,0.0,0.0,0.0,0.0,0.0,0.0,9.930212837450522e-262,6.860431201316019e-210,1.3820846331307452e-166,6.3788507401211295e-130,9.508970411450294e-99,2.4570052231779204e-72,3.1100037547059145e-50,3.2207721085798926e-32,2.4712386910440345e-18,3.290839423394105e-09,6.4219722805347394e-06,0.0003182292389046,0.0056512287957306,0.0204904249307986,0.0455011528975511,0.0809161656766078,0.1247557257764576,0.1750598832062027,0.2381269463202427,0.3130198744350591,0.3942924012257509,0.4812981376315627,0.5810323832115912,0.6950149363136846,0.8149319318210317,0.9381540421483542,1.0743712886484658,1.227336823107254,1.3864856431088528,1.5470453654401757,1.7186618001577856,1.9098506258134131,2.109142549106584,2.307005232521006,2.5139694436537976,2.742875781393498,2.9821474217451596,3.218410025308253,3.4606934405260983,3.7258572033678226,4.005900590979035
-0.0441365342,-0.04545449305,-0.0466168634,-0.0464726205,-0.04509926115,-0.043952602800000004,-0.043131941949999995,-0.04335239155,-0.0443292096,-0.04472492035,-0.044359426349999995,-0.0441856823,-0.0439982776,-0.0440245296,-0.0438677178,-0.0442196267,-0.045709389749999996,-0.0471948948,-0.04753616715,-0.04663060645,-0.04555159155,-0.0439507441,-0.0433267092,-0.0428529636,-0.04283163975,-0.0419679875,-0.0409132349,-0.0405030478,-0.04003359435,-0.03985588305,-0.0400507701,-0.04108307305,-0.0408288117,-0.039965383,-0.038818768,-0.039310435049999995,-0.04023888765,-0.0413418076,-0.04265995475,-0.04263407915,-0.04122475585,-0.04084963105,-0.040792458,-0.0409369386,-0.0412855853,-0.04222440235,-0.04259778715,-0.041730931900000004,-0.0404016182,-0.03977108965,500,2.0,1.799953988846089e-40,1.2064631803186727e-06,0.0287941436579543,0.1618953089521357,0.404516888960171,0.7599919085442353,1.2236307477986998,1.8002310762108815,2.4874111996000576,3.283606042933842,4.190258927944241,5.208382098569884,6.337606398080319,7.577548293698712,8.927974695152393,10.38851796586725,11.959003411923955,13.639790990168551,15.431569655919091,17.33482218529993,19.349456892907384,21.474859384809175,23.710287793862953,26.055345317020972,28.51019431905016,31.075464991087745,33.75190514782548,36.53991759696219,39.439396858996815,42.449847435162766,45.57056667166578,48.80100167247272,52.14111188600999,55.5913278231622,59.15221696855692,62.82425234290661,66.60771178240115,70.50255274028972,74.50835240624566,78.62449121644939,82.85050291224489,87.18631895756769,91.6322453181608,96.1887453836402,100.85621087953125,105.6348399877036,110.5246260910439,115.5253997163268,120.63688063394548,125.8587427649955
-0.0441365342,-0.04545449305,-0.0466168634,-0.0464726205,-0.04509926115,-0.043952602800000004,-0.043131941949999995,-0.04335239155,-0.0443292096,-0.04472492035,-0.044359426349999995,-0.0441856823,-0.0439982776,-0.0440245296,-0.0438677178,-0.0442196267,-0.045709389749999996,-0.0471948948,-0.04753616715,-0.04663060645,-0.04555159155,-0.0439507441,-0.0433267092,-0.0428529636,-0.04283163975,-0.0419679875,-0.0409132349,-0.0405030478,-0.04003359435,-0.03985588305,-0.0400507701,-0.04108307305,-0.0408288117,-0.039965383,-0.038818768,-0.039310435049999995,-0.04023888765,-0.0413418076,-0.04265995475,-0.04263407915,-0.04122475585,-0.04084963105,-0.040792458,-0.0409369386,-0.0412855853,-0.04222440235,-0.04259778715,-0.041730931900000004,-0.0404016182,-0.03977108965,532,31.0,0.0,0.0,0.0,0.0,0.0,0.0,0.0,0.0,0.0,0.0,0.0,0.0,0.0,0.0,0.0,0.0,0.0,0.0,0.0,0.0,0.0,0.0,0.0,0.0,0.0,0.0,1.6054801685312217e-272,1.9187507300920296e-239,7.790237911828244e-209,1.5383355228303153e-180,1.9704477632335223e-154,2.052954492832807e-130,2.062270130277645e-108,2.241576349890168e-88,2.793062518204535e-70,3.9531558399772576e-54,5.768421659111079e-40,6.890548140188459e-28,4.16470516858523e-18,4.0111040209545946e-11,2.5517770283924977e-08,5.573052662109023e-07,9.937106903194957e-06,0.0001261600808034,0.0011053574623477,0.0044949956048309,0.0088831153393713,0.0150590424037802,0.0230502399860291,0.0330851721200153
-0.0441365342,-0.04545449305,-0.0466168634,-0.0464726205,-0.04509926115,-0.043952602800000004,-0.043131941949999995,-0.04335239155,-0.0443292096,-0.04472492035,-0.044359426349999995,-0.0441856823,-0.0439982776,-0.0440245296,-0.0438677178,-0.0442196267,-0.045709389749999996,-0.0471948948,-0.04753616715,-0.04663060645,-0.04555159155,-0.0439507441,-0.0433267092,-0.0428529636,-0.04283163975,-0.0419679875,-0.0409132349,-0.0405030478,-0.04003359435,-0.03985588305,-0.0400507701,-0.04108307305,-0.0408288117,-0.039965383,-0.038818768,-0.039310435049999995,-0.04023888765,-0.0413418076,-0.04265995475,-0.04263407915,-0.04122475585,-0.04084963105,-0.040792458,-0.0409369386,-0.0412855853,-0.04222440235,-0.04259778715,-0.041730931900000004,-0.0404016182,-0.03977108965,532,36.0,0.0,0.0,0.0,0.0,0.0,0.0,0.0,0.0,0.0,0.0,0.0,0.0,0.0,0.0,0.0,0.0,0.0,0.0,0.0,0.0,0.0,0.0,0.0,0.0,0.0,0.0,0.0,0.0,0.0,0.0,0.0,6.321907069639824e-296,5.942887459027985e-264,4.7597612928217145e-234,4.163699668586338e-206,4.883326131187258e-180,9.068602896311236e-156,3.0385205446032717e-133,2.0218232720399735e-112,2.8382039571101507e-93,8.58946055848863e-76,5.469278894480783e-60,6.734847906891757e-46,1.3506837279873749e-33,3.203629225393421e-23,4.7608037700419466e-15,7.74592995599553e-10,1.3453923931663286e-07,7.718282888006464e-07,7.66539967010216e-06
-0.0441365342,-0.04545449305,-0.0466168634,-0.0464726205,-0.04509926115,-0.043952602800000004,-0.043131941949999995,-0.04335239155,-0.0443292096,-0.04472492035,-0.044359426349999995,-0.0441856823,-0.0439982776,-0.0440245296,-0.0438677178,-0.0442196267,-0.045709389749999996,-0.0471948948,-0.04753616715,-0.04663060645,-0.04555159155,-0.0439507441,-0.0433267092,-0.0428529636,-0.04283163975,-0.0419679875,-0.0409132349,-0.0405030478,-0.04003359435,-0.03985588305,-0.0400507701,-0.04108307305,-0.0408288117,-0.039965383,-0.038818768,-0.039310435049999995,-0.04023888765,-0.0413418076,-0.04265995475,-0.04263407915,-0.04122475585,-0.04084963105,-0.040792458,-0.0409369386,-0.0412855853,-0.04222440235,-0.04259778715,-0.041730931900000004,-0.0404016182,-0.03977108965,532,2.0,1.782986717039013e-40,1.382330569553966e-06,0.0294532449257772,0.1526470517821774,0.3810212949479217,0.7335737830004941,1.1904481607138069,1.724366044742245,2.3673770400078236,3.1560605667816484,4.050180044746989,4.999164802550613,6.050280362828725,7.270294076763125,8.608141866470508,9.979145758407713,11.434147536333638,13.07711094748111,14.861208584539629,16.662628394678688,18.52030286768242,20.57774287075194,22.807973283700832,25.04863162450346,27.310675907785058,29.773768601991097,32.44687868051461,35.13528834091149,37.80647835701926,40.66732544171094,43.77718330588089,46.9204797198513,50.008189470519184,53.26058761039092,56.798649234899806,60.40189978301923,63.91571774524946,67.55588535482983,71.5117070198935,75.57722480970735,79.52812994958973,83.55522543433861,87.91737706678349,92.44439589626332,96.84412086004204,101.26068042663736,106.0174574165675,111.0016874861976,115.86160042801178,120.6734551238579
-0.0441365342,-0.04545449305,-0.0466168634,-0.0464726205,-0.04509926115,-0.043952602800000004,-0.043131941949999995,-0.04335239155,-0.0443292096,-0.04472492035,-0.044359426349999995,-0.0441856823,-0.0439982776,-0.0440245296,-0.0438677178,-0.0442196267,-0.045709389749999996,-0.0471948948,-0.04753616715,-0.04663060645,-0.04555159155,-0.0439507441,-0.0433267092,-0.0428529636,-0.04283163975,-0.0419679875,-0.0409132349,-0.0405030478,-0.04003359435,-0.03985588305,-0.0400507701,-0.04108307305,-0.0408288117,-0.039965383,-0.038818768,-0.039310435049999995,-0.04023888765,-0.0413418076,-0.04265995475,-0.04263407915,-0.04122475585,-0.04084963105,-0.040792458,-0.0409369386,-0.0412855853,-0.04222440235,-0.04259778715,-0.041730931900000004,-0.0404016182,-0.03977108965,532,5.0,0.0,0.0,3.062280717331082e-96,7.912168919597254e-49,5.204972770384916e-21,1.1114336650824306e-06,0.003112601015164,0.0483612961587685,0.1493762773265103,0.2960549690270702,0.4833025714299314,0.7270655649730494,1.0356214153304075,1.3837075503027028,1.764742497310639,2.2044582695301487,2.717730706970326,3.273381445001481,3.848506152276832,4.480122771034115,5.197957506028032,5.9620284882582855,6.733739628211734,7.555161744727926,8.475041571729237,9.450688646393877,10.423007334150888,11.432248932324327,12.548306751000464,13.73545081416428,14.912938990165044,16.110319915497733,17.41887372088516,18.8173285187014,20.204567117731315,21.591480322300107,23.088028086759085,24.695621300889613,26.29676806145869,27.876014591521823,29.55673441615282,31.369964209771517,33.18839494332955,34.964080534190536,36.826028840698534,38.840126983532,40.87812496871643,42.855482933839006,44.89705532282779,47.10638755243134
-0.0441365342,-0.04545449305,-0.0466168634,-0.0464726205,-0.04509926115,-0.043952602800000004,-0.043131941949999995,-0.04335239155,-0.0443292096,-0.04472492035,-0.044359426349999995,-0.0441856823,-0.0439982776,-0.0440245296,-0.0438677178,-0.0442196267,-0.045709389749999996,-0.0471948948,-0.04753616715,-0.04663060645,-0.04555159155,-0.0439507441,-0.0433267092,-0.0428529636,-0.04283163975,-0.0419679875,-0.0409132349,-0.0405030478,-0.04003359435,-0.03985588305,-0.0400507701,-0.04108307305,-0.0408288117,-0.039965383,-0.038818768,-0.039310435049999995,-0.04023888765,-0.0413418076,-0.04265995475,-0.04263407915,-0.04122475585,-0.04084963105,-0.040792458,-0.0409369386,-0.0412855853,-0.04222440235,-0.04259778715,-0.041730931900000004,-0.0404016182,-0.03977108965,532,23.0,0.0,0.0,0.0,0.0,0.0,0.0,0.0,0.0,0.0,0.0,0.0,0.0,0.0,0.0,0.0,0.0,0.0,2.259966278800823e-277,2.63264779768276e-237,2.8370780926642986e-201,7.967632642372433e-169,1.2655167314708093e-139,2.0277910072429377e-113,4.9913227802138025e-90,2.499311384485505e-69,2.9330042577536254e-51,7.883131603199636e-36,3.71351646622108e-23,1.41377318720246e-13,2.1733167742555937e-08,2.482663915436411e-06,4.226813507572312e-05,0.0007699068882589,0.0054978011175137,0.0130059939935053,0.0246244157191509,0.0404394339595034,0.059969884165559,0.0822423997220065,0.1079905950171184,0.1385816613925763,0.1736713592044269,0.2105009695001828,0.2499634572054296,0.2954671904552141,0.34587603099541,0.397550472733081,0.4512259282553628,0.5111149397961324,0.5768446600574366
-0.0441365342,-0.04545449305,-0.0466168634,-0.0464726205,-0.04509926115,-0.043952602800000004,-0.043131941949999995,-0.04335239155,-0.0443292096,-0.04472492035,-0.044359426349999995,-0.0441856823,-0.0439982776,-0.0440245296,-0.0438677178,-0.0442196267,-0.045709389749999996,-0.0471948948,-0.04753616715,-0.04663060645,-0.04555159155,-0.0439507441,-0.0433267092,-0.0428529636,-0.04283163975,-0.0419679875,-0.0409132349,-0.0405030478,-0.04003359435,-0.03985588305,-0.0400507701,-0.04108307305,-0.0408288117,-0.039965383,-0.038818768,-0.039310435049999995,-0.04023888765,-0.0413418076,-0.04265995475,-0.04263407915,-0.04122475585,-0.04084963105,-0.040792458,-0.0409369386,-0.0412855853,-0.04222440235,-0.04259778715,-0.041730931900000004,-0.0404016182,-0.03977108965,532,24.0,0.0,0.0,0.0,0.0,0.0,0.0,0.0,0.0,0.0,0.0,0.0,0.0,0.0,0.0,0.0,0.0,0.0,0.0,8.584340201326915e-281,1.8055751993090632e-241,6.190099920785043e-206,8.617060066642095e-174,9.729779978422888e-145,1.5032182761772026e-118,4.668914789331037e-95,3.7891420224217145e-74,9.247915257638004e-56,6.789715224607619e-40,1.2306044304847056e-26,3.1236164772865583e-16,2.008483143906747e-09,8.679298349168923e-07,9.858433926002351e-06,0.0002389235865865,0.0022408064132052,0.0085089369358063,0.0179236434393313,0.0303347727062608,0.0455051173015894,0.0645183592354565,0.0876078146339447,0.1136665811145726,0.1415796729515383,0.1734563202593661,0.2102499831680534,0.2500168787270672,0.290962156160894,0.335489120744055,0.3859144996035996,0.439546556917118
-0.0441365342,-0.04545449305,-0.0466168634,-0.0464726205,-0.04509926115,-0.043952602800000004,-0.043131941949999995,-0.04335239155,-0.0443292096,-0.04472492035,-0.044359426349999995,-0.0441856823,-0.0439982776,-0.0440245296,-0.0438677178,-0.0442196267,-0.045709389749999996,-0.0471948948,-0.04753616715,-0.04663060645,-0.04555159155,-0.0439507441,-0.0433267092,-0.0428529636,-0.04283163975,-0.0419679875,-0.0409132349,-0.0405030478,-0.04003359435,-0.03985588305,-0.0400507701,-0.04108307305,-0.0408288117,-0.039965383,-0.038818768,-0.039310435049999995,-0.04023888765,-0.0413418076,-0.04265995475,-0.04263407915,-0.04122475585,-0.04084963105,-0.040792458,-0.0409369386,-0.0412855853,-0.04222440235,-0.04259778715,-0.041730931900000004,-0.0404016182,-0.03977108965,532,14.0,0.0,0.0,0.0,0.0,0.0,0.0,0.0,0.0,6.107696851441433e-263,6.311485786684146e-208,7.30481027152456e-163,3.006292613413273e-125,1.1897208024582183e-93,3.3999921456521306e-67,2.3425166872583178e-45,6.748069899591642e-28,6.2852409329531104e-15,1.300748766166209e-07,3.949812218540614e-05,0.0012882478094359,0.0137708059748683,0.036101492245945,0.0679539171314359,0.1104027909045732,0.1670898077094827,0.2333091271695329,0.3070278987633222,0.3919815128646826,0.4926669394158163,0.6039649249403996,0.7196482802417075,0.8456966460702706,0.990313498770056,1.1469200098310937,1.3055450491865144,1.4729089081558424,1.65974430647212,1.8619768725336951,2.064714591208318,2.272747904255342,2.50150191246026,2.7492114803869105,2.996642414212187,3.2458248278989217,3.5158163226580186,3.8079289385964823,4.101669695558303,4.392294976550883,4.702203496589714,5.038968002471932
-0.0441365342,-0.04545449305,-0.0466168634,-0.0464726205,-0.04509926115,-0.043952602800000004,-0.043131941949999995,-0.04335239155,-0.0443292096,-0.04472492035,-0.044359426349999995,-0.0441856823,-0.0439982776,-0.0440245296,-0.0438677178,-0.0442196267,-0.045709389749999996,-0.0471948948,-0.04753616715,-0.04663060645,-0.04555159155,-0.0439507441,-0.0433267092,-0.0428529636,-0.04283163975,-0.0419679875,-0.0409132349,-0.0405030478,-0.04003359435,-0.03985588305,-0.0400507701,-0.04108307305,-0.0408288117,-0.039965383,-0.038818768,-0.039310435049999995,-0.04023888765,-0.0413418076,-0.04265995475,-0.04263407915,-0.04122475585,-0.04084963105,-0.040792458,-0.0409369386,-0.0412855853,-0.04222440235,-0.04259778715,-0.041730931900000004,-0.0404016182,-0.03977108965,532,41.0,0.0,0.0,0.0,0.0,0.0,0.0,0.0,0.0,0.0,0.0,0.0,0.0,0.0,0.0,0.0,0.0,0.0,0.0,0.0,0.0,0.0,0.0,0.0,0.0,0.0,0.0,0.0,0.0,0.0,0.0,0.0,0.0,0.0,0.0,0.0,0.0,0.0,1.0004074886870533e-288,2.4043083464713523e-259,1.1438430569639562e-231,1.2556412596533488e-205,3.6126426194463854e-181,3.020598552371038e-158,7.950076166931086e-137,6.968452870170539e-117,2.0991804600658805e-98,2.18106866230716e-81,7.58740483631146e-66,8.218486306422899e-52,2.4265728024188828e-39
-0.0441365342,-0.04545449305,-0.0466168634,-0.0464726205,-0.04509926115,-0.043952602800000004,-0.043131941949999995,-0.04335239155,-0.0443292096,-0.04472492035,-0.044359426349999995,-0.0441856823,-0.0439982776,-0.0440245296,-0.0438677178,-0.0442196267,-0.045709389749999996,-0.0471948948,-0.04753616715,-0.04663060645,-0.04555159155,-0.0439507441,-0.0433267092,-0.0428529636,-0.04283163975,-0.0419679875,-0.0409132349,-0.0405030478,-0.04003359435,-0.03985588305,-0.0400507701,-0.04108307305,-0.0408288117,-0.039965383,-0.038818768,-0.039310435049999995,-0.04023888765,-0.0413418076,-0.04265995475,-0.04263407915,-0.04122475585,-0.04084963105,-0.040792458,-0.0409369386,-0.0412855853,-0.04222440235,-0.04259778715,-0.041730931900000004,-0.0404016182,-0.03977108965,532,13.0,0.0,0.0,0.0,0.0,0.0,0.0,0.0,7.67865430245317e-266,1.1849070269142763e-206,2.0770242539128258e-159,1.1776887140078223e-120,1.4674881050202637e-88,4.716336533446136e-62,1.6108086891948656e-40,1.0493119634194588e-23,7.669005513341824e-12,5.563815061769568e-07,0.0002138843937371,0.0054393610322905,0.0234400284237554,0.0547384495701949,0.0997151454666194,0.1546059383922441,0.220022121429464,0.3012283748813897,0.3975764632375287,0.5017090525568493,0.6147117218917945,0.7457195692884425,0.8941362580921951,1.0485149941478211,1.2087895716829884,1.3882864089913156,1.587672398976446,1.793983709324846,2.0021056474411223,2.2288150958437867,2.4793252322040704,2.737967978337512,2.994520170100647,3.2678243143451944,3.5689647469197543,3.8798136494281863,4.186449172063216,4.505820117549281,4.855768752656416,5.220184726143472,5.577470585153671,5.942654602160778,6.340634623202214
-0.0441365342,-0.04545449305,-0.0466168634,-0.0464726205,-0.04509926115,-0.043952602800000004,-0.043131941949999995,-0.04335239155,-0.0443292096,-0.04472492035,-0.044359426349999995,-0.0441856823,-0.0439982776,-0.0440245296,-0.0438677178,-0.0442196267,-0.045709389749999996,-0.0471948948,-0.04753616715,-0.04663060645,-0.04555159155,-0.0439507441,-0.0433267092,-0.0428529636,-0.04283163975,-0.0419679875,-0.0409132349,-0.0405030478,-0.04003359435,-0.03985588305,-0.0400507701,-0.04108307305,-0.0408288117,-0.039965383,-0.038818768,-0.039310435049999995,-0.04023888765,-0.0413418076,-0.04265995475,-0.04263407915,-0.04122475585,-0.04084963105,-0.040792458,-0.0409369386,-0.0412855853,-0.04222440235,-0.04259778715,-0.041730931900000004,-0.0404016182,-0.03977108965,532,46.0,0.0,0.0,0.0,0.0,0.0,0.0,0.0,0.0,0.0,0.0,0.0,0.0,0.0,0.0,0.0,0.0,0.0,0.0,0.0,0.0,0.0,0.0,0.0,0.0,0.0,0.0,0.0,0.0,0.0,0.0,0.0,0.0,0.0,0.0,0.0,0.0,0.0,0.0,0.0,0.0,0.0,0.0,0.0,1.0764508224155909e-284,3.191623064512969e-257,3.3276834148568364e-231,1.3493518467387558e-206,2.3135989422342068e-183,1.7938448289869106e-161,6.616192867819329e-141
-0.0441365342,-0.04545449305,-0.0466168634,-0.0464726205,-0.04509926115,-0.043952602800000004,-0.043131941949999995,-0.04335239155,-0.0443292096,-0.04472492035,-0.044359426349999995,-0.0441856823,-0.0439982776,-0.0440245296,-0.0438677178,-0.0442196267,-0.045709389749999996,-0.0471948948,-0.04753616715,-0.04663060645,-0.04555159155,-0.0439507441,-0.0433267092,-0.0428529636,-0.04283163975,-0.0419679875,-0.0409132349,-0.0405030478,-0.04003359435,-0.03985588305,-0.0400507701,-0.04108307305,-0.0408288117,-0.039965383,-0.038818768,-0.039310435049999995,-0.04023888765,-0.0413418076,-0.04265995475,-0.04263407915,-0.04122475585,-0.04084963105,-0.040792458,-0.0409369386,-0.0412855853,-0.04222440235,-0.04259778715,-0.041730931900000004,-0.0404016182,-0.03977108965,532,25.0,0.0,0.0,0.0,0.0,0.0,0.0,0.0,0.0,0.0,0.0,0.0,0.0,0.0,0.0,0.0,0.0,0.0,0.0,0.0,2.240963316022154e-284,1.0135496715621978e-245,1.2320100310649377e-210,9.048846409285982e-179,7.476446786459056e-150,1.1170986385760428e-123,4.2979479481624806e-100,5.441008137506571e-79,2.6026798669559627e-60,4.787280399563771e-44,2.9264448736175888e-30,3.881301727831198e-19,3.5945053185973146e-11,5.4570114372377344e-08,2.690586693429985e-06,5.790555297821321e-05,0.0008700799429416,0.0052880686886574,0.0117696330871573,0.0215892446205527,0.0348058344261065,0.051211758277268,0.0697805097338652,0.0910976875541974,0.1161696518267031,0.1453082198037958,0.1757143703980591,0.2083753733533851,0.2454835984091724,0.2869105235264075,0.3296836506458924
-0.0441365342,-0.04545449305,-0.0466168634,-0.0464726205,-0.04509926115,-0.043952602800000004,-0.043131941949999995,-0.04335239155,-0.0443292096,-0.04472492035,-0.044359426349999995,-0.0441856823,-0.0439982776,-0.0440245296,-0.0438677178,-0.0442196267,-0.045709389749999996,-0.0471948948,-0.04753616715,-0.04663060645,-0.04555159155,-0.0439507441,-0.0433267092,-0.0428529636,-0.04283163975,-0.0419679875,-0.0409132349,-0.0405030478,-0.04003359435,-0.03985588305,-0.0400507701,-0.04108307305,-0.0408288117,-0.039965383,-0.038818768,-0.039310435049999995,-0.04023888765,-0.0413418076,-0.04265995475,-0.04263407915,-0.04122475585,-0.04084963105,-0.040792458,-0.0409369386,-0.0412855853,-0.04222440235,-0.04259778715,-0.041730931900000004,-0.0404016182,-0.03977108965,532,22.0,0.0,0.0,0.0,0.0,0.0,0.0,0.0,0.0,0.0,0.0,0.0,0.0,0.0,0.0,0.0,0.0,3.8312788774448437e-274,3.0411533142862597e-233,1.1693382625510869e-196,7.120789076626408e-164,1.6445559312023652e-134,2.7424610954165476e-108,5.238609910798688e-85,1.5495051673383825e-64,8.168926259311043e-47,7.266933623496084e-32,7.579230983231524e-20,3.0810978576186314e-11,8.569883309638729e-08,7.288644873149287e-06,0.0001860895779909,0.0021006366786157,0.0093211865337907,0.0203349553596047,0.0349802157904884,0.0532022370646422,0.0762688019983865,0.1041981356011197,0.1357202835253729,0.1692848910354032,0.2086251280143009,0.2538777000511868,0.3018354038746296,0.3514028835938917,0.4063405781884002,0.4684144376071593,0.5335639296636749,0.599281624966177,0.6698603075553499,0.7485551992167356
-0.0441365342,-0.04545449305,-0.0466168634,-0.0464726205,-0.04509926115,-0.043952602800000004,-0.043131941949999995,-0.04335239155,-0.0443292096,-0.04472492035,-0.044359426349999995,-0.0441856823,-0.0439982776,-0.0440245296,-0.0438677178,-0.0442196267,-0.045709389749999996,-0.0471948948,-0.04753616715,-0.04663060645,-0.04555159155,-0.0439507441,-0.0433267092,-0.0428529636,-0.04283163975,-0.0419679875,-0.0409132349,-0.0405030478,-0.04003359435,-0.03985588305,-0.0400507701,-0.04108307305,-0.0408288117,-0.039965383,-0.038818768,-0.039310435049999995,-0.04023888765,-0.0413418076,-0.04265995475,-0.04263407915,-0.04122475585,-0.04084963105,-0.040792458,-0.0409369386,-0.0412855853,-0.04222440235,-0.04259778715,-0.041730931900000004,-0.0404016182,-0.03977108965,532,37.0,0.0,0.0,0.0,0.0,0.0,0.0,0.0,0.0,0.0,0.0,0.0,0.0,0.0,0.0,0.0,0.0,0.0,0.0,0.0,0.0,0.0,0.0,0.0,0.0,0.0,0.0,0.0,0.0,0.0,0.0,0.0,0.0,1.1086841701901125e-300,6.865367882464833e-269,4.203908260469663e-239,3.211564663471068e-211,3.711668107727886e-185,7.594603983197721e-161,3.115422782239702e-138,2.8102949134565913e-117,5.918880239352749e-98,2.9832259668502564e-80,3.539049213522954e-64,9.221364747123698e-50,4.57139289975621e-37,3.312126677316986e-26,2.13036211536827e-17,3.8236005126392386e-11,1.3551651794447311e-08,2.0718546124738033e-07
-0.0441365342,-0.04545449305,-0.0466168634,-0.0464726205,-0.04509926115,-0.043952602800000004,-0.043131941949999995,-0.04335239155,-0.0443292096,-0.04472492035,-0.044359426349999995,-0.0441856823,-0.0439982776,-0.0440245296,-0.0438677178,-0.0442196267,-0.045709389749999996,-0.0471948948,-0.04753616715,-0.04663060645,-0.04555159155,-0.0439507441,-0.0433267092,-0.0428529636,-0.04283163975,-0.0419679875,-0.0409132349,-0.0405030478,-0.04003359435,-0.03985588305,-0.0400507701,-0.04108307305,-0.0408288117,-0.039965383,-0.038818768,-0.039310435049999995,-0.04023888765,-0.0413418076,-0.04265995475,-0.04263407915,-0.04122475585,-0.04084963105,-0.040792458,-0.0409369386,-0.0412855853,-0.04222440235,-0.04259778715,-0.041730931900000004,-0.0404016182,-0.03977108965,532,30.0,0.0,0.0,0.0,0.0,0.0,0.0,0.0,0.0,0.0,0.0,0.0,0.0,0.0,0.0,0.0,0.0,0.0,0.0,0.0,0.0,0.0,0.0,0.0,0.0,4.6156656713094484e-304,6.189943661603745e-268,1.380652366437255e-234,8.321497137601792e-204,2.0008819877444614e-175,2.617991418615281e-149,2.374724166407942e-125,1.787871459467566e-103,1.2590196649319849e-83,8.764018336213624e-66,5.907235979176564e-50,3.4088339915758705e-36,1.264048568645602e-24,1.6193828499341066e-15,1.265776351807049e-09,3.166913107490668e-07,1.987836240797818e-06,2.8932350744297857e-05,0.0004177294686547,0.0024921434126006,0.006553023877605,0.0126016378540514,0.0204573203943735,0.0297462656199735,0.0408141641943018,0.0544197425438008
-0.0441365342,-0.04545449305,-0.0466168634,-0.0464726205,-0.04509926115,-0.043952602800000004,-0.043131941949999995,-0.04335239155,-0.0443292096,-0.04472492035,-0.044359426349999995,-0.0441856823,-0.0439982776,-0.0440245296,-0.0438677178,-0.0442196267,-0.045709389749999996,-0.0471948948,-0.04753616715,-0.04663060645,-0.04555159155,-0.0439507441,-0.0433267092,-0.0428529636,-0.04283163975,-0.0419679875,-0.0409132349,-0.0405030478,-0.04003359435,-0.03985588305,-0.0400507701,-0.04108307305,-0.0408288117,-0.039965383,-0.038818768,-0.039310435049999995,-0.04023888765,-0.0413418076,-0.04265995475,-0.04263407915,-0.04122475585,-0.04084963105,-0.040792458,-0.0409369386,-0.0412855853,-0.04222440235,-0.04259778715,-0.041730931900000004,-0.0404016182,-0.03977108965,532,4.0,0.0,1.4101484093879996e-103,1.9020986398603413e-44,5.591954656561108e-16,2.6956731212353834e-05,0.0252647413142352,0.1056306813493126,0.2490977293700894,0.4659117410374759,0.7479560565656156,1.0736994504545463,1.4606837800243249,1.9340693865178415,2.4752528758317296,3.0502267260812994,3.6776630417712384,4.403397379772436,5.208331731701708,6.035876283691872,6.901878221040968,7.8739643585379,8.94225562559108,10.028296150669862,11.134596568087868,12.349352660678564,13.679622091025305,15.028477991104063,16.376903178484863,17.829180099610635,19.41821375973725,21.034179471715913,22.628620581100765,24.31469969765189,26.15784795627657,28.04406363207935,29.889837362333083,31.807281061535363,33.89870499687291,36.05678944923281,38.160106671384845,40.30814100598707,42.64130455643127,45.07107049842923,47.438664310678305,49.81855366010744,52.38679236823649,55.08600950412418,57.72442361138896,60.33938893913702,63.136387970912935
-0.0441365342,-0.04545449305,-0.0466168634,-0.0464726205,-0.04509926115,-0.043952602800000004,-0.043131941949999995,-0.04335239155,-0.0443292096,-0.04472492035,-0.044359426349999995,-0.0441856823,-0.0439982776,-0.0440245296,-0.0438677178,-0.0442196267,-0.045709389749999996,-0.0471948948,-0.04753616715,-0.04663060645,-0.04555159155,-0.0439507441,-0.0433267092,-0.0428529636,-0.04283163975,-0.0419679875,-0.0409132349,-0.0405030478,-0.04003359435,-0.03985588305,-0.0400507701,-0.04108307305,-0.0408288117,-0.039965383,-0.038818768,-0.039310435049999995,-0.04023888765,-0.0413418076,-0.04265995475,-0.04263407915,-0.04122475585,-0.04084963105,-0.040792458,-0.0409369386,-0.0412855853,-0.04222440235,-0.04259778715,-0.041730931900000004,-0.0404016182,-0.03977108965,532,3.0,0.0,7.46318279871897e-41,4.412363291130381e-11,0.0020210161843164,0.0649896144384483,0.2144039568961748,0.4374351735020878,0.7285874142518801,1.1157483859565267,1.601284214812321,2.146841367621857,2.747991643639301,3.453017116299093,4.273564169130226,5.149939277244487,6.062548026086421,7.0804590052951495,8.233445366501709,9.44454630462155,10.670973755348315,11.996114736926833,13.477808499490772,15.028756304831356,16.574470999042305,18.203263459563203,20.00759701424517,21.90120525422998,23.77275354878171,25.70321440920723,27.82315362648422,30.0603090543668,32.26511218653082,34.497667318242044,36.92578294525987,39.50495041205799,42.05043994959728,44.58781222544131,47.31683374265709,50.23406091255431,53.12712740397953,55.974474784343535,58.99813306676957,62.24721606827458,65.49340180827335,68.6578787083962,71.97143222695095,75.54422744685444,79.14719820641908,82.63769367793765,86.23864112152758
-0.0441365342,-0.04545449305,-0.0466168634,-0.0464726205,-0.04509926115,-0.043952602800000004,-0.043131941949999995,-0.04335239155,-0.0443292096,-0.04472492035,-0.044359426349999995,-0.0441856823,-0.0439982776,-0.0440245296,-0.0438677178,-0.0442196267,-0.045709389749999996,-0.0471948948,-0.04753616715,-0.04663060645,-0.04555159155,-0.0439507441,-0.0433267092,-0.0428529636,-0.04283163975,-0.0419679875,-0.0409132349,-0.0405030478,-0.04003359435,-0.03985588305,-0.0400507701,-0.04108307305,-0.0408288117,-0.039965383,-0.038818768,-0.039310435049999995,-0.04023888765,-0.0413418076,-0.04265995475,-0.04263407915,-0.04122475585,-0.04084963105,-0.040792458,-0.0409369386,-0.0412855853,-0.04222440235,-0.04259778715,-0.041730931900000004,-0.0404016182,-0.03977108965,532,9.0,0.0,0.0,0.0,0.0,4.1179210612143383e-218,5.736764656622775e-151,9.236576321851397e-104,2.551897236195853e-68,1.754076457865521e-41,7.488022015331919e-22,2.625314957077803e-09,4.755111413419789e-05,0.004613207795649,0.0320080673018041,0.084574235516426,0.1609223138127024,0.2548131318638658,0.3716545794357065,0.519461239098961,0.6906378566610533,0.8743781873837256,1.0801214268190291,1.322295301992672,1.5890260969484324,1.865617550366634,2.1590604462454195,2.493380834431127,2.8574114735642584,3.2267989572887927,3.6091894649286647,4.032899545069802,4.493988464542304,4.9593506263404,5.42955410911872,5.941712419636972,6.499071150550707,7.061551614159334,7.620982600159312,8.220296421618155,8.87269214786554,9.533566732371533,10.183368888211357,10.867954914713865,11.614008799143177,12.375275035531825,13.117940791113956,13.886947385536716,14.723407569447064,15.584863924656114,16.422696503933174
-0.0441365342,-0.04545449305,-0.0466168634,-0.0464726205,-0.04509926115,-0.043952602800000004,-0.043131941949999995,-0.04335239155,-0.0443292096,-0.04472492035,-0.044359426349999995,-0.0441856823,-0.0439982776,-0.0440245296,-0.0438677178,-0.0442196267,-0.045709389749999996,-0.0471948948,-0.04753616715,-0.04663060645,-0.04555159155,-0.0439507441,-0.0433267092,-0.0428529636,-0.04283163975,-0.0419679875,-0.0409132349,-0.0405030478,-0.04003359435,-0.03985588305,-0.0400507701,-0.04108307305,-0.0408288117,-0.039965383,-0.038818768,-0.039310435049999995,-0.04023888765,-0.0413418076,-0.04265995475,-0.04263407915,-0.04122475585,-0.04084963105,-0.040792458,-0.0409369386,-0.0412855853,-0.04222440235,-0.04259778715,-0.041730931900000004,-0.0404016182,-0.03977108965,532,28.0,0.0,0.0,0.0,0.0,0.0,0.0,0.0,0.0,0.0,0.0,0.0,0.0,0.0,0.0,0.0,0.0,0.0,0.0,0.0,0.0,0.0,0.0,6.797798692942407e-296,6.888082276182968e-259,6.240564457788807e-225,9.093197860985395e-194,3.3886296867114265e-165,4.64814270183937e-139,3.1030367260829625e-115,1.2347138518433458e-93,3.327334108056333e-74,6.362509405576737e-57,8.184488520910589e-42,5.807036915375559e-29,1.4328534772733353e-18,3.8973047335462e-11,3.658253562316009e-08,1.1301306094438888e-06,2.0741078626293373e-05,0.0003567414148599,0.0024378121302588,0.0071353620798286,0.0141162803747887,0.0232203928421446,0.0340620622527102,0.0472246436193488,0.0633994395463896,0.0816632607971131,0.101370353968878,0.122945899460438
-0.0441365342,-0.04545449305,-0.0466168634,-0.0464726205,-0.04509926115,-0.043952602800000004,-0.043131941949999995,-0.04335239155,-0.0443292096,-0.04472492035,-0.044359426349999995,-0.0441856823,-0.0439982776,-0.0440245296,-0.0438677178,-0.0442196267,-0.045709389749999996,-0.0471948948,-0.04753616715,-0.04663060645,-0.04555159155,-0.0439507441,-0.0433267092,-0.0428529636,-0.04283163975,-0.0419679875,-0.0409132349,-0.0405030478,-0.04003359435,-0.03985588305,-0.0400507701,-0.04108307305,-0.0408288117,-0.039965383,-0.038818768,-0.039310435049999995,-0.04023888765,-0.0413418076,-0.04265995475,-0.04263407915,-0.04122475585,-0.04084963105,-0.040792458,-0.0409369386,-0.0412855853,-0.04222440235,-0.04259778715,-0.041730931900000004,-0.0404016182,-0.03977108965,532,19.0,0.0,0.0,0.0,0.0,0.0,0.0,0.0,0.0,0.0,0.0,0.0,0.0,0.0,5.2321369192483156e-266,7.364311023878487e-222,3.563461852474853e-183,3.897573375425294e-149,3.5730548467039216e-119,6.896506627337693e-93,5.251980360448262e-70,2.3000217622242448e-50,6.501629482959314e-34,9.270685052589751e-21,2.3724310307686537e-11,1.4405622299113569e-07,2.1516183553869826e-05,0.0005466420016535,0.0057442702624553,0.0161084521364612,0.0327927314669442,0.0559401231760915,0.0844685350284378,0.1174172054870019,0.1560041859314887,0.2032334337230691,0.2554325352895487,0.3101332818179108,0.3711367202429876,0.4415977247187226,0.5176530809618501,0.5951988702859509,0.6782214289486037,0.7718537134410624,0.8719920432584602,0.972377921987878,1.077091345919282,1.1933582632271251,1.317602654092186,1.4418505460569793,1.5680671038681064
-0.0441365342,-0.04545449305,-0.0466168634,-0.0464726205,-0.04509926115,-0.043952602800000004,-0.043131941949999995,-0.04335239155,-0.0443292096,-0.04472492035,-0.044359426349999995,-0.0441856823,-0.0439982776,-0.0440245296,-0.0438677178,-0.0442196267,-0.045709389749999996,-0.0471948948,-0.04753616715,-0.04663060645,-0.04555159155,-0.0439507441,-0.0433267092,-0.0428529636,-0.04283163975,-0.0419679875,-0.0409132349,-0.0405030478,-0.04003359435,-0.03985588305,-0.0400507701,-0.04108307305,-0.0408288117,-0.039965383,-0.038818768,-0.039310435049999995,-0.04023888765,-0.0413418076,-0.04265995475,-0.04263407915,-0.04122475585,-0.04084963105,-0.040792458,-0.0409369386,-0.0412855853,-0.04222440235,-0.04259778715,-0.041730931900000004,-0.0404016182,-0.03977108965,450,2.0,1.810963501229542e-40,9.100566434843624e-07,0.0233897857885926,0.159074032495473,0.4099209048174954,0.7818934215624685,1.277754756545708,1.8723750649922428,2.6241182999813466,3.438428144631902,4.440752470309707,5.487142283738612,6.721169581683616,8.024003618045215,9.463174126950012,11.04621116620659,12.676454759879528,14.538497545312804,16.37678421932595,18.4885517959527,20.568528465217057,22.896322182168255,25.25223337136658,27.76143552009306,30.426533120466974,33.0966196050948,36.067383203852366,38.92935788925978,42.15250856581415,45.26472803741607,48.686537916841395,52.09701093503914,55.674021690291646,59.422558073514416,63.13269352097333,67.20993644875661,71.09753143064893,75.43139860466839,79.57460494303048,84.09247798313181,88.55704014839199,93.20114919690292,98.03463249266623,102.78427367937653,107.96693078770312,112.8810103484837,118.32547548234191,123.4985128855221,129.11383116145578,134.63248857950035
-0.0441365342,-0.04545449305,-0.0466168634,-0.0464726205,-0.04509926115,-0.043952602800000004,-0.043131941949999995,-0.04335239155,-0.0443292096,-0.04472492035,-0.044359426349999995,-0.0441856823,-0.0439982776,-0.0440245296,-0.0438677178,-0.0442196267,-0.045709389749999996,-0.0471948948,-0.04753616715,-0.04663060645,-0.04555159155,-0.0439507441,-0.0433267092,-0.0428529636,-0.04283163975,-0.0419679875,-0.0409132349,-0.0405030478,-0.04003359435,-0.03985588305,-0.0400507701,-0.04108307305,-0.0408288117,-0.039965383,-0.038818768,-0.039310435049999995,-0.04023888765,-0.0413418076,-0.04265995475,-0.04263407915,-0.04122475585,-0.04084963105,-0.040792458,-0.0409369386,-0.0412855853,-0.04222440235,-0.04259778715,-0.041730931900000004,-0.0404016182,-0.03977108965,532,29.0,0.0,0.0,0.0,0.0,0.0,0.0,0.0,0.0,0.0,0.0,0.0,0.0,0.0,0.0,0.0,0.0,0.0,0.0,0.0,0.0,0.0,0.0,0.0,6.155547020105384e-300,2.1751559234959964e-263,9.511245758188244e-230,8.766666757042237e-199,2.6035006353036124e-170,3.4849298173374164e-144,2.7261495796224238e-120,1.5083877093349803e-98,6.680143160554183e-79,2.4934985253108597e-61,7.574420649023724e-46,1.6016431153457154e-32,1.643136691999457e-21,3.582803196424809e-13,7.63997568080661e-09,5.580898529056203e-07,6.41106729516335e-06,0.000100077077052,0.0010381838432256,0.0047737406858361,0.0097337458830491,0.016897451049778,0.026294593870955,0.0380724226216665,0.0514129157810956,0.0662260005420831,0.0836785298599727
-0.0441365342,-0.04545449305,-0.0466168634,-0.0464726205,-0.04509926115,-0.043952602800000004,-0.043131941949999995,-0.04335239155,-0.0443292096,-0.04472492035,-0.044359426349999995,-0.0441856823,-0.0439982776,-0.0440245296,-0.0438677178,-0.0442196267,-0.045709389749999996,-0.0471948948,-0.04753616715,-0.04663060645,-0.04555159155,-0.0439507441,-0.0433267092,-0.0428529636,-0.04283163975,-0.0419679875,-0.0409132349,-0.0405030478,-0.04003359435,-0.03985588305,-0.0400507701,-0.04108307305,-0.0408288117,-0.039965383,-0.038818768,-0.039310435049999995,-0.04023888765,-0.0413418076,-0.04265995475,-0.04263407915,-0.04122475585,-0.04084963105,-0.040792458,-0.0409369386,-0.0412855853,-0.04222440235,-0.04259778715,-0.041730931900000004,-0.0404016182,-0.03977108965,532,8.0,0.0,0.0,0.0,4.4898382649260935e-235,6.947642426879768e-152,2.873667405343887e-100,2.5328376314753807e-63,2.408101548085389e-36,1.6996390424613906e-17,5.3415952635679e-07,0.0004672724117002,0.0192136070692445,0.0636953659465141,0.1319438213806869,0.2338220900418171,0.3664655171942191,0.5199411560912228,0.6947360258820084,0.9060471439815456,1.1538874851273355,1.4179720216834568,1.6996355061135031,2.0180829767415465,2.3804858974837244,2.758408839559671,3.1452172352730585,3.5709876980557027,4.046070078726058,4.539112259461373,5.033932449561661,5.563756147722183,6.150844543058251,6.760647610199446,7.364567025414932,7.997176729063781,8.694445844765943,9.422403237550329,10.138121477380793,10.872897912628456,11.676678819885195,12.522261411858452,13.352705206713605,14.190592709043091,15.099356079120714,16.062124696628434,17.0095366547268,17.95122566377769,18.96170890919723,20.039755879755873,21.106596491936305
-0.0441365342,-0.04545449305,-0.0466168634,-0.0464726205,-0.04509926115,-0.043952602800000004,-0.043131941949999995,-0.04335239155,-0.0443292096,-0.04472492035,-0.044359426349999995,-0.0441856823,-0.0439982776,-0.0440245296,-0.0438677178,-0.0442196267,-0.045709389749999996,-0.0471948948,-0.04753616715,-0.04663060645,-0.04555159155,-0.0439507441,-0.0433267092,-0.0428529636,-0.04283163975,-0.0419679875,-0.0409132349,-0.0405030478,-0.04003359435,-0.03985588305,-0.0400507701,-0.04108307305,-0.0408288117,-0.039965383,-0.038818768,-0.039310435049999995,-0.04023888765,-0.0413418076,-0.04265995475,-0.04263407915,-0.04122475585,-0.04084963105,-0.040792458,-0.0409369386,-0.0412855853,-0.04222440235,-0.04259778715,-0.041730931900000004,-0.0404016182,-0.03977108965,550,2.0,1.771018426103759e-40,1.4748537189905736e-06,0.0286302617562462,0.1481142820534184,0.391593787494321,0.7155813660617699,1.145282523184629,1.716187171943491,2.3290065963512747,3.089473859072793,3.9702289913041344,4.872925510607383,5.978647535584707,7.144718022032716,8.357344922168265,9.806940716567594,11.239035623584764,12.791927631760789,14.56386377093581,16.260247849755,18.180729387542893,20.239064740876724,22.220809578279948,24.518026370969565,26.826165979296373,29.13289363909318,31.78926748942432,34.327096909108576,37.00393862435436,39.97736820671551,42.754810889058426,45.83510055414765,49.0714878523218,52.129752721064335,55.61762337675541,59.06951888541013,62.46949349280874,66.33202697358628,69.97837416117002,73.78008020158622,77.95423879492921,81.81481949608661,86.05627933514745,90.46916257025798,94.60399691356776,99.28339784140675,103.87726044638488,108.36904285469932,113.43836998280908,118.19256304544945
-0.0441365342,-0.04545449305,-0.0466168634,-0.0464726205,-0.04509926115,-0.043952602800000004,-0.043131941949999995,-0.04335239155,-0.0443292096,-0.04472492035,-0.044359426349999995,-0.0441856823,-0.0439982776,-0.0440245296,-0.0438677178,-0.0442196267,-0.045709389749999996,-0.0471948948,-0.04753616715,-0.04663060645,-0.04555159155,-0.0439507441,-0.0433267092,-0.0428529636,-0.04283163975,-0.0419679875,-0.0409132349,-0.0405030478,-0.04003359435,-0.03985588305,-0.0400507701,-0.04108307305,-0.0408288117,-0.039965383,-0.038818768,-0.039310435049999995,-0.04023888765,-0.0413418076,-0.04265995475,-0.04263407915,-0.04122475585,-0.04084963105,-0.040792458,-0.0409369386,-0.0412855853,-0.04222440235,-0.04259778715,-0.041730931900000004,-0.0404016182,-0.03977108965,532,18.0,0.0,0.0,0.0,0.0,0.0,0.0,0.0,0.0,0.0,0.0,0.0,0.0,5.173233795651122e-264,1.996796699527879e-218,7.706255895396436e-179,2.8372128458287613e-144,4.6018037603632904e-114,9.43262726057735e-88,4.940989056191177e-65,9.93615637365807e-46,8.414695724412431e-30,2.0639783223350722e-17,2.9341553124568783e-09,3.01001266671962e-06,9.964029208829214e-05,0.001743402834073,0.0112667824241239,0.026642932182469,0.0476685386007698,0.0748291484107014,0.1096536964618415,0.1523269256752282,0.198456449734755,0.2505687755596082,0.3118501119173562,0.3811714386834508,0.4536101700875549,0.5301299310958824,0.6168015101192431,0.7130757346390207,0.8118253564645186,0.9130158704242974,1.0248463432027983,1.1480338091301976,1.273698033109543,1.400138490919742,1.5361355282788425,1.685898685684246,1.839167816011348,1.990667481029272
-0.0441365342,-0.04545449305,-0.0466168634,-0.0464726205,-0.04509926115,-0.043952602800000004,-0.043131941949999995,-0.04335239155,-0.0443292096,-0.04472492035,-0.044359426349999995,-0.0441856823,-0.0439982776,-0.0440245296,-0.0438677178,-0.0442196267,-0.045709389749999996,-0.0471948948,-0.04753616715,-0.04663060645,-0.04555159155,-0.0439507441,-0.0433267092,-0.0428529636,-0.04283163975,-0.0419679875,-0.0409132349,-0.0405030478,-0.04003359435,-0.03985588305,-0.0400507701,-0.04108307305,-0.0408288117,-0.039965383,-0.038818768,-0.039310435049999995,-0.04023888765,-0.0413418076,-0.04265995475,-0.04263407915,-0.04122475585,-0.04084963105,-0.040792458,-0.0409369386,-0.0412855853,-0.04222440235,-0.04259778715,-0.041730931900000004,-0.0404016182,-0.03977108965,532,39.0,0.0,0.0,0.0,0.0,0.0,0.0,0.0,0.0,0.0,0.0,0.0,0.0,0.0,0.0,0.0,0.0,0.0,0.0,0.0,0.0,0.0,0.0,0.0,0.0,0.0,0.0,0.0,0.0,0.0,0.0,0.0,0.0,0.0,0.0,0.0,8.597798356275391e-279,3.2153820037640447e-249,1.9142449063362168e-221,2.153212841095499e-195,5.269950073585833e-171,3.142409490389971e-148,4.974613225346708e-127,2.2163715571671128e-107,2.860645708760953e-89,1.0645675864773788e-72,1.0908306206537802e-57,2.780222008368462e-44,1.465353011455321e-32,1.1507341292127408e-22,7.120775408078191e-15
-0.0441365342,-0.04545449305,-0.0466168634,-0.0464726205,-0.04509926115,-0.043952602800000004,-0.043131941949999995,-0.04335239155,-0.0443292096,-0.04472492035,-0.044359426349999995,-0.0441856823,-0.0439982776,-0.0440245296,-0.0438677178,-0.0442196267,-0.045709389749999996,-0.0471948948,-0.04753616715,-0.04663060645,-0.04555159155,-0.0439507441,-0.0433267092,-0.0428529636,-0.04283163975,-0.0419679875,-0.0409132349,-0.0405030478,-0.04003359435,-0.03985588305,-0.0400507701,-0.04108307305,-0.0408288117,-0.039965383,-0.038818768,-0.039310435049999995,-0.04023888765,-0.0413418076,-0.04265995475,-0.04263407915,-0.04122475585,-0.04084963105,-0.040792458,-0.0409369386,-0.0412855853,-0.04222440235,-0.04259778715,-0.041730931900000004,-0.0404016182,-0.03977108965,532,48.0,0.0,0.0,0.0,0.0,0.0,0.0,0.0,0.0,0.0,0.0,0.0,0.0,0.0,0.0,0.0,0.0,0.0,0.0,0.0,0.0,0.0,0.0,0.0,0.0,0.0,0.0,0.0,0.0,0.0,0.0,0.0,0.0,0.0,0.0,0.0,0.0,0.0,0.0,0.0,0.0,0.0,0.0,0.0,0.0,0.0,7.619489377705943e-295,1.923558030217757e-267,1.970685204436895e-241,8.98594266761642e-217,1.9702706362950271e-193
-0.0441365342,-0.04545449305,-0.0466168634,-0.0464726205,-0.04509926115,-0.043952602800000004,-0.043131941949999995,-0.04335239155,-0.0443292096,-0.04472492035,-0.044359426349999995,-0.0441856823,-0.0439982776,-0.0440245296,-0.0438677178,-0.0442196267,-0.045709389749999996,-0.0471948948,-0.04753616715,-0.04663060645,-0.04555159155,-0.0439507441,-0.0433267092,-0.0428529636,-0.04283163975,-0.0419679875,-0.0409132349,-0.0405030478,-0.04003359435,-0.03985588305,-0.0400507701,-0.04108307305,-0.0408288117,-0.039965383,-0.038818768,-0.039310435049999995,-0.04023888765,-0.0413418076,-0.04265995475,-0.04263407915,-0.04122475585,-0.04084963105,-0.040792458,-0.0409369386,-0.0412855853,-0.04222440235,-0.04259778715,-0.041730931900000004,-0.0404016182,-0.03977108965,532,38.0,0.0,0.0,0.0,0.0,0.0,0.0,0.0,0.0,0.0,0.0,0.0,0.0,0.0,0.0,0.0,0.0,0.0,0.0,0.0,0.0,0.0,0.0,0.0,0.0,0.0,0.0,0.0,0.0,0.0,0.0,0.0,0.0,0.0,1.8569829088675152e-305,7.760012323491264e-274,3.6879316084914284e-244,2.4786870255585448e-216,2.825102592337909e-190,6.336931230498583e-166,3.149342053669346e-143,3.7909776778632125e-122,1.1727133347319486e-102,9.578142904597516e-85,2.0446716518788984e-68,1.0780357907687547e-53,1.2443302619869663e-40,2.5240781889969428e-29,6.02748718116274e-20,7.336584352506809e-13,1.8005705918381666e-09
-0.0441365342,-0.04545449305,-0.0466168634,-0.0464726205,-0.04509926115,-0.043952602800000004,-0.043131941949999995,-0.04335239155,-0.0443292096,-0.04472492035,-0.044359426349999995,-0.0441856823,-0.0439982776,-0.0440245296,-0.0438677178,-0.0442196267,-0.045709389749999996,-0.0471948948,-0.04753616715,-0.04663060645,-0.04555159155,-0.0439507441,-0.0433267092,-0.0428529636,-0.04283163975,-0.0419679875,-0.0409132349,-0.0405030478,-0.04003359435,-0.03985588305,-0.0400507701,-0.04108307305,-0.0408288117,-0.039965383,-0.038818768,-0.039310435049999995,-0.04023888765,-0.0413418076,-0.04265995475,-0.04263407915,-0.04122475585,-0.04084963105,-0.040792458,-0.0409369386,-0.0412855853,-0.04222440235,-0.04259778715,-0.041730931900000004,-0.0404016182,-0.03977108965,532,49.0,0.0,0.0,0.0,0.0,0.0,0.0,0.0,0.0,0.0,0.0,0.0,0.0,0.0,0.0,0.0,0.0,0.0,0.0,0.0,0.0,0.0,0.0,0.0,0.0,0.0,0.0,0.0,0.0,0.0,0.0,0.0,0.0,0.0,0.0,0.0,0.0,0.0,0.0,0.0,0.0,0.0,0.0,0.0,0.0,0.0,0.0,6.383757931239199e-300,1.4946220419995154e-272,1.518698533497277e-246,7.317249313156216e-222
-0.0441365342,-0.04545449305,-0.0466168634,-0.0464726205,-0.04509926115,-0.043952602800000004,-0.043131941949999995,-0.04335239155,-0.0443292096,-0.04472492035,-0.044359426349999995,-0.0441856823,-0.0439982776,-0.0440245296,-0.0438677178,-0.0442196267,-0.045709389749999996,-0.0471948948,-0.04753616715,-0.04663060645,-0.04555159155,-0.0439507441,-0.0433267092,-0.0428529636,-0.04283163975,-0.0419679875,-0.0409132349,-0.0405030478,-0.04003359435,-0.03985588305,-0.0400507701,-0.04108307305,-0.0408288117,-0.039965383,-0.038818768,-0.039310435049999995,-0.04023888765,-0.0413418076,-0.04265995475,-0.04263407915,-0.04122475585,-0.04084963105,-0.040792458,-0.0409369386,-0.0412855853,-0.04222440235,-0.04259778715,-0.041730931900000004,-0.0404016182,-0.03977108965,532,44.0,0.0,0.0,0.0,0.0,0.0,0.0,0.0,0.0,0.0,0.0,0.0,0.0,0.0,0.0,0.0,0.0,0.0,0.0,0.0,0.0,0.0,0.0,0.0,0.0,0.0,0.0,0.0,0.0,0.0,0.0,0.0,0.0,0.0,0.0,0.0,0.0,0.0,0.0,0.0,0.0,1.1202360685165655e-303,1.5016244864796624e-274,5.3082850084753526e-247,5.641696289869132e-221,2.0129088783929497e-196,2.640083131279868e-173,1.3677619056420207e-151,2.9512772440927534e-131,2.741922602592859e-112,1.10972601100056e-94
-0.0441365342,-0.04545449305,-0.0466168634,-0.0464726205,-0.04509926115,-0.043952602800000004,-0.043131941949999995,-0.04335239155,-0.0443292096,-0.04472492035,-0.044359426349999995,-0.0441856823,-0.0439982776,-0.0440245296,-0.0438677178,-0.0442196267,-0.045709389749999996,-0.0471948948,-0.04753616715,-0.04663060645,-0.04555159155,-0.0439507441,-0.0433267092,-0.0428529636,-0.04283163975,-0.0419679875,-0.0409132349,-0.0405030478,-0.04003359435,-0.03985588305,-0.0400507701,-0.04108307305,-0.0408288117,-0.039965383,-0.038818768,-0.039310435049999995,-0.04023888765,-0.0413418076,-0.04265995475,-0.04263407915,-0.04122475585,-0.04084963105,-0.040792458,-0.0409369386,-0.0412855853,-0.04222440235,-0.04259778715,-0.041730931900000004,-0.0404016182,-0.03977108965,532,11.0,0.0,0.0,0.0,0.0,0.0,2.40165291023754e-281,1.9329193794456858e-207,1.0442998760102126e-153,8.141141289935335e-112,2.091512135546877e-78,9.116238378936034e-52,5.209964542386199e-31,7.133564055547087e-16,2.573665533533863e-07,0.0001221971231128,0.0050985723670895,0.0271605594465433,0.0671402408084599,0.1254101088137228,0.1952296173143699,0.2819839882820206,0.3904138602470038,0.5171171009559735,0.6533955999499702,0.803419924646098,0.9790771831799716,1.1758292035683773,1.3789136405784168,1.5933659273115326,1.8340621246948432,2.1008441910664577,2.3724202561512366,2.650672437379001,2.9558371436009048,3.291771708954291,3.6338363088978824,3.975629982111132,4.344451516317355,4.749289840332202,5.161733554450825,5.569126979180851,6.000262316054749,6.472476033752315,6.9567051241539115,7.430938442070678,7.923419953659272,8.461466893597722,9.01812880065353,9.56103951644835,10.11488254597982
-0.0441365342,-0.04545449305,-0.0466168634,-0.0464726205,-0.04509926115,-0.043952602800000004,-0.043131941949999995,-0.04335239155,-0.0443292096,-0.04472492035,-0.044359426349999995,-0.0441856823,-0.0439982776,-0.0440245296,-0.0438677178,-0.0442196267,-0.045709389749999996,-0.0471948948,-0.04753616715,-0.04663060645,-0.04555159155,-0.0439507441,-0.0433267092,-0.0428529636,-0.04283163975,-0.0419679875,-0.0409132349,-0.0405030478,-0.04003359435,-0.03985588305,-0.0400507701,-0.04108307305,-0.0408288117,-0.039965383,-0.038818768,-0.039310435049999995,-0.04023888765,-0.0413418076,-0.04265995475,-0.04263407915,-0.04122475585,-0.04084963105,-0.040792458,-0.0409369386,-0.0412855853,-0.04222440235,-0.04259778715,-0.041730931900000004,-0.0404016182,-0.03977108965,532,43.0,0.0,0.0,0.0,0.0,0.0,0.0,0.0,0.0,0.0,0.0,0.0,0.0,0.0,0.0,0.0,0.0,0.0,0.0,0.0,0.0,0.0,0.0,0.0,0.0,0.0,0.0,0.0,0.0,0.0,0.0,0.0,0.0,0.0,0.0,0.0,0.0,0.0,0.0,0.0,1.0936280426834868e-298,1.7639906547097107e-269,6.8520819392645835e-242,7.357613777473742e-216,2.4515464689054202e-191,2.7864266493380305e-168,1.163823035941672e-146,1.885676144843552e-126,1.2247824102548322e-107,3.2192891104702252e-90,3.363592635168566e-74
-0.0441365342,-0.04545449305,-0.0466168634,-0.0464726205,-0.04509926115,-0.043952602800000004,-0.043131941949999995,-0.04335239155,-0.0443292096,-0.04472492035,-0.044359426349999995,-0.0441856823,-0.0439982776,-0.0440245296,-0.0438677178,-0.0442196267,-0.045709389749999996,-0.0471948948,-0.04753616715,-0.04663060645,-0.04555159155,-0.0439507441,-0.0433267092,-0.0428529636,-0.04283163975,-0.0419679875,-0.0409132349,-0.0405030478,-0.04003359435,-0.03985588305,-0.0400507701,-0.04108307305,-0.0408288117,-0.039965383,-0.038818768,-0.039310435049999995,-0.04023888765,-0.0413418076,-0.04265995475,-0.04263407915,-0.04122475585,-0.04084963105,-0.040792458,-0.0409369386,-0.0412855853,-0.04222440235,-0.04259778715,-0.041730931900000004,-0.0404016182,-0.03977108965,532,16.0,0.0,0.0,0.0,0.0,0.0,0.0,0.0,0.0,0.0,0.0,1.069810242268947e-261,2.2802518668844458e-212,1.6196975494104045e-170,1.1701649776998473e-134,7.520104466671492e-104,1.780465768291437e-77,3.837896396826228e-55,1.2117462103640731e-36,5.5830464436737305e-22,1.547899225833049e-11,2.655096298414179e-07,6.679174422576552e-05,0.0015278164110459,0.0124371266158414,0.0308522121921861,0.0565357997455234,0.0902459400832451,0.1341550325861616,0.187190974864096,0.2451919146634033,0.3105916654377126,0.3884638981912235,0.4757047560613706,0.5665105518799173,0.6638862418160056,0.7750367310175823,0.8970441185787752,1.021094562111867,1.1498799043686212,1.2934926515191418,1.4498695453365824,1.6085344836656943,1.7688411730221252,1.943949169026359,2.135039521717101,2.328381600846653,2.5206331885416264,2.7270415211607704,2.951884210308585,3.180754671403384
-0.0441365342,-0.04545449305,-0.0466168634,-0.0464726205,-0.04509926115,-0.043952602800000004,-0.043131941949999995,-0.04335239155,-0.0443292096,-0.04472492035,-0.044359426349999995,-0.0441856823,-0.0439982776,-0.0440245296,-0.0438677178,-0.0442196267,-0.045709389749999996,-0.0471948948,-0.04753616715,-0.04663060645,-0.04555159155,-0.0439507441,-0.0433267092,-0.0428529636,-0.04283163975,-0.0419679875,-0.0409132349,-0.0405030478,-0.04003359435,-0.03985588305,-0.0400507701,-0.04108307305,-0.0408288117,-0.039965383,-0.038818768,-0.039310435049999995,-0.04023888765,-0.0413418076,-0.04265995475,-0.04263407915,-0.04122475585,-0.04084963105,-0.040792458,-0.0409369386,-0.0412855853,-0.04222440235,-0.04259778715,-0.041730931900000004,-0.0404016182,-0.03977108965,532,20.0,0.0,0.0,0.0,0.0,0.0,0.0,0.0,0.0,0.0,0.0,0.0,0.0,0.0,0.0,2.075855191618748e-268,1.7021001341190534e-225,1.342319245428497e-187,5.0178871237552664e-154,2.764992310621089e-124,5.05710632510252e-98,5.3944760272748265e-75,4.758595862152848e-55,3.950490458628776e-38,2.6314581258863984e-24,6.93429313029639e-14,3.8070863550331424e-08,5.7542390006236195e-06,0.0001393574159366,0.00193458490198,0.0102351247677481,0.0231990296061376,0.0406456636175193,0.0627720964423093,0.0909516325054752,0.1252570842336136,0.163253897376777,0.2048905700312282,0.2533523578185656,0.309081165229419,0.3678082608325907,0.4290685192372742,0.4976507289659358,0.5745462212843099,0.654293544776852,0.735258452300424,0.8235504829112663,0.9216007219048006,1.022751641355187,1.1237248860956823,1.2313058400571584
-0.0441365342,-0.04545449305,-0.0466168634,-0.0464726205,-0.04509926115,-0.043952602800000004,-0.043131941949999995,-0.04335239155,-0.0443292096,-0.04472492035,-0.044359426349999995,-0.0441856823,-0.0439982776,-0.0440245296,-0.0438677178,-0.0442196267,-0.045709389749999996,-0.0471948948,-0.04753616715,-0.04663060645,-0.04555159155,-0.0439507441,-0.0433267092,-0.0428529636,-0.04283163975,-0.0419679875,-0.0409132349,-0.0405030478,-0.04003359435,-0.03985588305,-0.0400507701,-0.04108307305,-0.0408288117,-0.039965383,-0.038818768,-0.039310435049999995,-0.04023888765,-0.0413418076,-0.04265995475,-0.04263407915,-0.04122475585,-0.04084963105,-0.040792458,-0.0409369386,-0.0412855853,-0.04222440235,-0.04259778715,-0.041730931900000004,-0.0404016182,-0.03977108965,532,27.0,0.0,0.0,0.0,0.0,0.0,0.0,0.0,0.0,0.0,0.0,0.0,0.0,0.0,0.0,0.0,0.0,0.0,0.0,0.0,0.0,0.0,6.0624565850891635e-292,1.9397964903273584e-254,3.8763300195135566e-220,9.268215796004708e-189,4.4113941795243683e-160,6.21245701770153e-134,3.4983235925479494e-110,9.77212367575335e-89,1.54465230499404e-69,1.4375528876602166e-52,7.295775785909887e-38,1.5668174343149764e-25,7.801122788498157e-16,1.6036207355240762e-09,5.123575414080914e-07,3.9085403091929375e-06,7.722891789688427e-05,0.0009598093196097,0.0050421043744889,0.0106885366547549,0.0190481113969895,0.0301605089233496,0.0440298768775703,0.0596912936038647,0.0773983574319167,0.0982661370045222,0.1223426904619024,0.1480789189637234,0.1751185478770049
-0.0441365342,-0.04545449305,-0.0466168634,-0.0464726205,-0.04509926115,-0.043952602800000004,-0.043131941949999995,-0.04335239155,-0.0443292096,-0.04472492035,-0.044359426349999995,-0.0441856823,-0.0439982776,-0.0440245296,-0.0438677178,-0.0442196267,-0.045709389749999996,-0.0471948948,-0.04753616715,-0.04663060645,-0.04555159155,-0.0439507441,-0.0433267092,-0.0428529636,-0.04283163975,-0.0419679875,-0.0409132349,-0.0405030478,-0.04003359435,-0.03985588305,-0.0400507701,-0.04108307305,-0.0408288117,-0.039965383,-0.038818768,-0.039310435049999995,-0.04023888765,-0.0413418076,-0.04265995475,-0.04263407915,-0.04122475585,-0.04084963105,-0.040792458,-0.0409369386,-0.0412855853,-0.04222440235,-0.04259778715,-0.041730931900000004,-0.0404016182,-0.03977108965,532,1.0,0.0007254452031514,0.0927131877562077,0.337956012041617,0.7126816937800524,1.21746090341008,1.895963027255403,2.740854983641625,3.688179470591293,4.7460173917614386,6.00038942303634,7.44739270040416,8.978736999787117,10.58923053744084,12.40853615731807,14.456123273709714,16.582602689512097,18.749265240186396,21.12269427736291,23.765411426755964,26.497026235592553,29.22704969894055,32.145543883553,35.3745243192866,38.71911404253929,42.023027062322406,45.480583037031195,49.28432062922372,53.246296584812114,57.13656898529958,61.130521684403405,65.49569599216822,70.07565160997666,74.56603729888029,79.09791223693526,84.01066596814915,89.20497688550125,94.3091325483496,99.38449196186392,104.83133555052108,110.63213587682996,116.36277630936505,121.99158388945877,127.960860805803,134.35621246916318,140.72363289082747,146.91956190925973,153.40238949064903,160.3767334899059,167.387843872261,174.16800888002186
-0.0441365342,-0.04545449305,-0.0466168634,-0.0464726205,-0.04509926115,-0.043952602800000004,-0.043131941949999995,-0.04335239155,-0.0443292096,-0.04472492035,-0.044359426349999995,-0.0441856823,-0.0439982776,-0.0440245296,-0.0438677178,-0.0442196267,-0.045709389749999996,-0.0471948948,-0.04753616715,-0.04663060645,-0.04555159155,-0.0439507441,-0.0433267092,-0.0428529636,-0.04283163975,-0.0419679875,-0.0409132349,-0.0405030478,-0.04003359435,-0.03985588305,-0.0400507701,-0.04108307305,-0.0408288117,-0.039965383,-0.038818768,-0.039310435049999995,-0.04023888765,-0.0413418076,-0.04265995475,-0.04263407915,-0.04122475585,-0.04084963105,-0.040792458,-0.0409369386,-0.0412855853,-0.04222440235,-0.04259778715,-0.041730931900000004,-0.0404016182,-0.03977108965,532,6.0,0.0,0.0,6.571458188882787e-169,1.1247826974484858e-95,1.5885429709068375e-53,4.2461745950381896e-26,1.1459403960940796e-09,0.0002064710316058,0.0218420900979352,0.080496002377556,0.177306767617604,0.3211214438966183,0.5094053411669056,0.7269134419648915,0.9787556874357528,1.2871212548323774,1.6424283994170803,2.022331324723853,2.429539575565137,2.8965698806515334,3.422278034795045,3.966432257877337,4.527983958425868,5.152372541203425,5.845899238189515,6.557964061891737,7.276047208286246,8.055095852145817,8.91453477709409,9.796365329182851,10.672261647226936,11.60298954100354,12.626875882016789,13.681848382107695,14.719131982726244,15.800036258266708,16.984170760773875,18.21269590964272,19.414785132946893,20.645019970722103,21.985447268407626,23.3876784432033,24.75881490032696,26.139130567383027,27.631781626421,29.20651678491688,30.750806894532296,32.2830709303287,33.92404050350759,35.668819218594756
-0.0441365342,-0.04545449305,-0.0466168634,-0.0464726205,-0.04509926115,-0.043952602800000004,-0.043131941949999995,-0.04335239155,-0.0443292096,-0.04472492035,-0.044359426349999995,-0.0441856823,-0.0439982776,-0.0440245296,-0.0438677178,-0.0442196267,-0.045709389749999996,-0.0471948948,-0.04753616715,-0.04663060645,-0.04555159155,-0.0439507441,-0.0433267092,-0.0428529636,-0.04283163975,-0.0419679875,-0.0409132349,-0.0405030478,-0.04003359435,-0.03985588305,-0.0400507701,-0.04108307305,-0.0408288117,-0.039965383,-0.038818768,-0.039310435049999995,-0.04023888765,-0.0413418076,-0.04265995475,-0.04263407915,-0.04122475585,-0.04084963105,-0.040792458,-0.0409369386,-0.0412855853,-0.04222440235,-0.04259778715,-0.041730931900000004,-0.0404016182,-0.03977108965,532,32.0,0.0,0.0,0.0,0.0,0.0,0.0,0.0,0.0,0.0,0.0,0.0,0.0,0.0,0.0,0.0,0.0,0.0,0.0,0.0,0.0,0.0,0.0,0.0,0.0,0.0,0.0,0.0,3.8324245067268404e-277,2.5644100609607914e-244,7.203052151429397e-214,1.18324471429846e-185,1.4857609372199402e-159,1.7627763610913744e-135,2.321044776229677e-113,3.7906771923459824e-93,8.148466882661316e-75,2.305435674820676e-58,7.957572593372603e-44,2.779398342070273e-31,6.708837587363588e-21,4.862528050539329e-13,4.659434115853084e-09,2.864918687953632e-07,3.566822584530305e-06,3.873988313395879e-05,0.0004771986264162,0.0025163751494268,0.0060292780729956,0.0112893857536749,0.0180901762183593
-0.0441365342,-0.04545449305,-0.0466168634,-0.0464726205,-0.04509926115,-0.043952602800000004,-0.043131941949999995,-0.04335239155,-0.0443292096,-0.04472492035,-0.044359426349999995,-0.0441856823,-0.0439982776,-0.0440245296,-0.0438677178,-0.0442196267,-0.045709389749999996,-0.0471948948,-0.04753616715,-0.04663060645,-0.04555159155,-0.0439507441,-0.0433267092,-0.0428529636,-0.04283163975,-0.0419679875,-0.0409132349,-0.0405030478,-0.04003359435,-0.03985588305,-0.0400507701,-0.04108307305,-0.0408288117,-0.039965383,-0.038818768,-0.039310435049999995,-0.04023888765,-0.0413418076,-0.04265995475,-0.04263407915,-0.04122475585,-0.04084963105,-0.040792458,-0.0409369386,-0.0412855853,-0.04222440235,-0.04259778715,-0.041730931900000004,-0.0404016182,-0.03977108965,532,35.0,0.0,0.0,0.0,0.0,0.0,0.0,0.0,0.0,0.0,0.0,0.0,0.0,0.0,0.0,0.0,0.0,0.0,0.0,0.0,0.0,0.0,0.0,0.0,0.0,0.0,0.0,0.0,0.0,0.0,0.0,3.4279191957815465e-291,5.023093782785904e-259,5.3491889145462655e-229,5.4013835692709346e-201,6.434271761555353e-175,1.078505589594854e-150,2.918138933855766e-128,1.407954941821621e-107,1.2872309833716363e-88,2.270264363710713e-71,7.467895329817509e-56,4.134912408811857e-42,3.1338906867644337e-30,2.19357942114026e-20,6.141730566197243e-13,2.880974562250873e-09,1.5394247305990046e-07,2.116631773551783e-06,1.937546639921396e-05,0.0001864095079761
-0.0441365342,-0.04545449305,-0.0466168634,-0.0464726205,-0.04509926115,-0.043952602800000004,-0.043131941949999995,-0.04335239155,-0.0443292096,-0.04472492035,-0.044359426349999995,-0.0441856823,-0.0439982776,-0.0440245296,-0.0438677178,-0.0442196267,-0.045709389749999996,-0.0471948948,-0.04753616715,-0.04663060645,-0.04555159155,-0.0439507441,-0.0433267092,-0.0428529636,-0.04283163975,-0.0419679875,-0.0409132349,-0.0405030478,-0.04003359435,-0.03985588305,-0.0400507701,-0.04108307305,-0.0408288117,-0.039965383,-0.038818768,-0.039310435049999995,-0.04023888765,-0.0413418076,-0.04265995475,-0.04263407915,-0.04122475585,-0.04084963105,-0.040792458,-0.0409369386,-0.0412855853,-0.04222440235,-0.04259778715,-0.041730931900000004,-0.0404016182,-0.03977108965,532,17.0,0.0,0.0,0.0,0.0,0.0,0.0,0.0,0.0,0.0,0.0,0.0,1.5803455671736184e-262,3.05131940954129e-215,1.3005390151662575e-174,1.9104501274990628e-139,5.900249321198797e-109,1.2939975164836069e-82,4.4626457327861766e-60,3.7576876423282675e-41,8.16626093605711e-26,2.5916526405819672e-14,6.895360927608423e-08,1.4398497818363807e-05,0.0004307154748278,0.0057480109925282,0.0180943646272878,0.0383943500563327,0.0668177751780522,0.1019897114023744,0.1423472216533194,0.1914393465129125,0.250101476524046,0.314781655991134,0.3834553962373535,0.4609102169796835,0.5498831575619892,0.644676700523881,0.7415671125415298,0.8470080043655001,0.9659709353423944,1.0913951312169885,1.2171271758103297,1.35029711716681,1.4980706331552165,1.654665955700208,1.8099786343533724,1.970266294695329,2.1468667183332566,2.334351136750932,2.5197396728852417
-0.0441365342,-0.04545449305,-0.0466168634,-0.0464726205,-0.04509926115,-0.043952602800000004,-0.043131941949999995,-0.04335239155,-0.0443292096,-0.04472492035,-0.044359426349999995,-0.0441856823,-0.0439982776,-0.0440245296,-0.0438677178,-0.0442196267,-0.045709389749999996,-0.0471948948,-0.04753616715,-0.04663060645,-0.04555159155,-0.0439507441,-0.0433267092,-0.0428529636,-0.04283163975,-0.0419679875,-0.0409132349,-0.0405030478,-0.04003359435,-0.03985588305,-0.0400507701,-0.04108307305,-0.0408288117,-0.039965383,-0.038818768,-0.039310435049999995,-0.04023888765,-0.0413418076,-0.04265995475,-0.04263407915,-0.04122475585,-0.04084963105,-0.040792458,-0.0409369386,-0.0412855853,-0.04222440235,-0.04259778715,-0.041730931900000004,-0.0404016182,-0.03977108965,532,42.0,0.0,0.0,0.0,0.0,0.0,0.0,0.0,0.0,0.0,0.0,0.0,0.0,0.0,0.0,0.0,0.0,0.0,0.0,0.0,0.0,0.0,0.0,0.0,0.0,0.0,0.0,0.0,0.0,0.0,0.0,0.0,0.0,0.0,0.0,0.0,0.0,0.0,0.0,1.0535293033694857e-293,2.063902520932983e-264,8.850325358506278e-237,9.606152855659437e-211,2.979443059453773e-186,2.9149950429650326e-163,9.717283642116328e-142,1.1664257266526728e-121,5.207052693676622e-103,8.703383881908711e-86,5.321261986684919e-70,1.1191807608474456e-55
-0.0441365342,-0.04545449305,-0.0466168634,-0.0464726205,-0.04509926115,-0.043952602800000004,-0.043131941949999995,-0.04335239155,-0.0443292096,-0.04472492035,-0.044359426349999995,-0.0441856823,-0.0439982776,-0.0440245296,-0.0438677178,-0.0442196267,-0.045709389749999996,-0.0471948948,-0.04753616715,-0.04663060645,-0.04555159155,-0.0439507441,-0.0433267092,-0.0428529636,-0.04283163975,-0.0419679875,-0.0409132349,-0.0405030478,-0.04003359435,-0.03985588305,-0.0400507701,-0.04108307305,-0.0408288117,-0.039965383,-0.038818768,-0.039310435049999995,-0.04023888765,-0.0413418076,-0.04265995475,-0.04263407915,-0.04122475585,-0.04084963105,-0.040792458,-0.0409369386,-0.0412855853,-0.04222440235,-0.04259778715,-0.041730931900000004,-0.0404016182,-0.03977108965,532,10.0,0.0,0.0,0.0,0.0,1.1192038803938806e-301,8.99968776432758e-211,8.342507168409079e-152,1.1812540056581212e-107,2.373337253664281e-73,1.2668669059667427e-46,2.2585117512175563e-26,2.2821895539575755e-12,1.4047899344720218e-06,0.0007492091064792,0.0170878884677351,0.0516643491429641,0.1031768847813043,0.1770715626581571,0.2737394701428463,0.3866801493061402,0.5137825873438516,0.6651810893684623,0.844037510697124,1.0368549568368493,1.238855481586931,1.466631590524687,1.7252377766896,1.999870063980402,2.27799983085953,2.580392417684949,2.9188622734138705,3.2752925379690048,3.631825038621152,4.007044817487053,4.424101379782496,4.863950512469272,5.299065769324582,5.747646201933908,6.241350823345561,6.764330862399605,7.280397781958739,7.802573172888332,8.370825726074125,8.976248502209037,9.575001660582837,10.17159299636442,10.81329532172281,11.500427523680155,12.183021780725465,12.854673398943891
-0.0441365342,-0.04545449305,-0.0466168634,-0.0464726205,-0.04509926115,-0.043952602800000004,-0.043131941949999995,-0.04335239155,-0.0443292096,-0.04472492035,-0.044359426349999995,-0.0441856823,-0.0439982776,-0.0440245296,-0.0438677178,-0.0442196267,-0.045709389749999996,-0.0471948948,-0.04753616715,-0.04663060645,-0.04555159155,-0.0439507441,-0.0433267092,-0.0428529636,-0.04283163975,-0.0419679875,-0.0409132349,-0.0405030478,-0.04003359435,-0.03985588305,-0.0400507701,-0.04108307305,-0.0408288117,-0.039965383,-0.038818768,-0.039310435049999995,-0.04023888765,-0.0413418076,-0.04265995475,-0.04263407915,-0.04122475585,-0.04084963105,-0.040792458,-0.0409369386,-0.0412855853,-0.04222440235,-0.04259778715,-0.041730931900000004,-0.0404016182,-0.03977108965,532,45.0,0.0,0.0,0.0,0.0,0.0,0.0,0.0,0.0,0.0,0.0,0.0,0.0,0.0,0.0,0.0,0.0,0.0,0.0,0.0,0.0,0.0,0.0,0.0,0.0,0.0,0.0,0.0,0.0,0.0,0.0,0.0,0.0,0.0,0.0,0.0,0.0,0.0,0.0,0.0,0.0,0.0,0.0,1.2735610753032241e-279,4.114827335211854e-252,4.3306214426442335e-226,1.649540253180388e-201,2.4809397611934274e-178,1.5793322215010723e-156,4.481621293471749e-136,5.861892942065166e-117
-0.0441365342,-0.04545449305,-0.0466168634,-0.0464726205,-0.04509926115,-0.043952602800000004,-0.043131941949999995,-0.04335239155,-0.0443292096,-0.04472492035,-0.044359426349999995,-0.0441856823,-0.0439982776,-0.0440245296,-0.0438677178,-0.0442196267,-0.045709389749999996,-0.0471948948,-0.04753616715,-0.04663060645,-0.04555159155,-0.0439507441,-0.0433267092,-0.0428529636,-0.04283163975,-0.0419679875,-0.0409132349,-0.0405030478,-0.04003359435,-0.03985588305,-0.0400507701,-0.04108307305,-0.0408288117,-0.039965383,-0.038818768,-0.039310435049999995,-0.04023888765,-0.0413418076,-0.04265995475,-0.04263407915,-0.04122475585,-0.04084963105,-0.040792458,-0.0409369386,-0.0412855853,-0.04222440235,-0.04259778715,-0.041730931900000004,-0.0404016182,-0.03977108965,532,50.0,0.0,0.0,0.0,0.0,0.0,0.0,0.0,0.0,0.0,0.0,0.0,0.0,0.0,0.0,0.0,0.0,0.0,0.0,0.0,0.0,0.0,0.0,0.0,0.0,0.0,0.0,0.0,0.0,0.0,0.0,0.0,0.0,0.0,0.0,0.0,0.0,0.0,0.0,0.0,0.0,0.0,0.0,0.0,0.0,0.0,0.0,0.0,5.334964772175249e-305,1.1619967730268656e-277,1.1714364946355205e-251
-0.0441365342,-0.04545449305,-0.0466168634,-0.0464726205,-0.04509926115,-0.043952602800000004,-0.043131941949999995,-0.04335239155,-0.0443292096,-0.04472492035,-0.044359426349999995,-0.0441856823,-0.0439982776,-0.0440245296,-0.0438677178,-0.0442196267,-0.045709389749999996,-0.0471948948,-0.04753616715,-0.04663060645,-0.04555159155,-0.0439507441,-0.0433267092,-0.0428529636,-0.04283163975,-0.0419679875,-0.0409132349,-0.0405030478,-0.04003359435,-0.03985588305,-0.0400507701,-0.04108307305,-0.0408288117,-0.039965383,-0.038818768,-0.039310435049999995,-0.04023888765,-0.0413418076,-0.04265995475,-0.04263407915,-0.04122475585,-0.04084963105,-0.040792458,-0.0409369386,-0.0412855853,-0.04222440235,-0.04259778715,-0.041730931900000004,-0.0404016182,-0.03977108965,532,7.0,0.0,0.0,0.0,4.069640225687967e-156,2.0602336101598451e-97,2.2206926341890372e-58,3.2503146332299036e-31,2.1955606117958498e-13,4.740256076220382e-06,0.0039618759183173,0.0386158853695494,0.1104097235472811,0.2124383601793824,0.3420402762032099,0.5071337746592736,0.7159442076875088,0.9549494045179912,1.2121226714154605,1.506577680643385,1.8500273143659405,2.2271664352802123,2.6152030992482183,3.035013416595542,3.5139807806935828,4.029679702407313,4.549911920128529,5.095734053392689,5.705992604415515,6.361834821425921,7.017604189253369,7.688631499698866,8.426803102607355,9.222174678903473,10.016547898612346,10.814244268592848,11.67869847540942,12.612208879239947,13.546882086997616,14.47209331851016,15.45956566457055,16.52944552927275,17.607387555972256,18.663080003734432,19.772111908801463,20.975607401819833,22.19822571424834,23.38747569474315,24.616797074263054,25.950282015904005,27.318082946979217
-0.0441365342,-0.04545449305,-0.0466168634,-0.0464726205,-0.04509926115,-0.043952602800000004,-0.043131941949999995,-0.04335239155,-0.0443292096,-0.04472492035,-0.044359426349999995,-0.0441856823,-0.0439982776,-0.0440245296,-0.0438677178,-0.0442196267,-0.045709389749999996,-0.0471948948,-0.04753616715,-0.04663060645,-0.04555159155,-0.0439507441,-0.0433267092,-0.0428529636,-0.04283163975,-0.0419679875,-0.0409132349,-0.0405030478,-0.04003359435,-0.03985588305,-0.0400507701,-0.04108307305,-0.0408288117,-0.039965383,-0.038818768,-0.039310435049999995,-0.04023888765,-0.0413418076,-0.04265995475,-0.04263407915,-0.04122475585,-0.04084963105,-0.040792458,-0.0409369386,-0.0412855853,-0.04222440235,-0.04259778715,-0.041730931900000004,-0.0404016182,-0.03977108965,532,34.0,0.0,0.0,0.0,0.0,0.0,0.0,0.0,0.0,0.0,0.0,0.0,0.0,0.0,0.0,0.0,0.0,0.0,0.0,0.0,0.0,0.0,0.0,0.0,0.0,0.0,0.0,0.0,0.0,0.0,1.7587713800866092e-286,4.135986410363255e-254,5.9625696272670195e-224,7.011105115479767e-196,8.490768167333963e-170,1.2769334929088898e-145,2.755706954482063e-123,9.462725634794377e-103,5.494059086939876e-84,5.464970932099251e-67,8.902604763872397e-52,2.0961258116882655e-38,5.5508409820556614e-27,1.0103890424227269e-17,3.9731929553851966e-11,1.8364744898053273e-08,3.207911541224826e-07,5.503855925004443e-06,5.003548404304159e-05,0.0005331732840482,0.0025113584906557
-0.0441365342,-0.04545449305,-0.0466168634,-0.0464726205,-0.04509926115,-0.043952602800000004,-0.043131941949999995,-0.04335239155,-0.0443292096,-0.04472492035,-0.044359426349999995,-0.0441856823,-0.0439982776,-0.0440245296,-0.0438677178,-0.0442196267,-0.045709389749999996,-0.0471948948,-0.04753616715,-0.04663060645,-0.04555159155,-0.0439507441,-0.0433267092,-0.0428529636,-0.04283163975,-0.0419679875,-0.0409132349,-0.0405030478,-0.04003359435,-0.03985588305,-0.0400507701,-0.04108307305,-0.0408288117,-0.039965383,-0.038818768,-0.039310435049999995,-0.04023888765,-0.0413418076,-0.04265995475,-0.04263407915,-0.04122475585,-0.04084963105,-0.040792458,-0.0409369386,-0.0412855853,-0.04222440235,-0.04259778715,-0.041730931900000004,-0.0404016182,-0.03977108965,532,33.0,0.0,0.0,0.0,0.0,0.0,0.0,0.0,0.0,0.0,0.0,0.0,0.0,0.0,0.0,0.0,0.0,0.0,0.0,0.0,0.0,0.0,0.0,0.0,0.0,0.0,0.0,0.0,0.0,8.490808315811074e-282,3.308890290475271e-249,6.586434013729671e-219,9.105714190843238e-191,1.122242829375176e-164,1.5044277325324325e-140,2.55477129940239e-118,6.117813074152984e-98,2.1942886109306768e-79,1.1874581497736128e-62,9.140636698473224e-48,8.592584202667164e-35,7.254351785839509e-24,2.927950431641911e-15,9.92234416916714e-10,2.032292413792226e-07,1.197054995228738e-06,1.4288026683202004e-05,0.0001551040665896,0.0011617715238555,0.0042149592804423,0.0081192935994469
-0.0441365342,-0.04545449305,-0.0466168634,-0.0464726205,-0.04509926115,-0.043952602800000004,-0.043131941949999995,-0.04335239155,-0.0443292096,-0.04472492035,-0.044359426349999995,-0.0441856823,-0.0439982776,-0.0440245296,-0.0438677178,-0.0442196267,-0.045709389749999996,-0.0471948948,-0.04753616715,-0.04663060645,-0.04555159155,-0.0439507441,-0.0433267092,-0.0428529636,-0.04283163975,-0.0419679875,-0.0409132349,-0.0405030478,-0.04003359435,-0.03985588305,-0.0400507701,-0.04108307305,-0.0408288117,-0.039965383,-0.038818768,-0.039310435049999995,-0.04023888765,-0.0413418076,-0.04265995475,-0.04263407915,-0.04122475585,-0.04084963105,-0.040792458,-0.0409369386,-0.0412855853,-0.04222440235,-0.04259778715,-0.041730931900000004,-0.0404016182,-0.03977108965,532,26.0,0.0,0.0,0.0,0.0,0.0,0.0,0.0,0.0,0.0,0.0,0.0,0.0,0.0,0.0,0.0,0.0,0.0,0.0,0.0,0.0,4.238088422414433e-288,4.7828394808919986e-250,2.263378082022643e-215,9.261429642933235e-184,5.7432342343138554e-155,8.321212421244962e-129,3.90147219535379e-105,7.4479470731664765e-84,6.627556767684886e-65,2.8334848494924287e-48,5.231173608159953e-34,3.0079342888844064e-22,2.4008388585103433e-13,1.274643444864626e-08,1.143838314690525e-06,1.4330515956965856e-05,0.0002964536424358,0.0023536566509326,0.0077840561288674,0.0158730432174996,0.0264713892459049,0.0392344094558858,0.0550023186851903,0.0742811520297179,0.0959609308808667,0.119442676672111,0.1453593030868188,0.1758602345575501,0.2090068408530639,0.2428155633909882
-0.0441365342,-0.04545449305,-0.0466168634,-0.0464726205,-0.04509926115,-0.043952602800000004,-0.043131941949999995,-0.04335239155,-0.0443292096,-0.04472492035,-0.044359426349999995,-0.0441856823,-0.0439982776,-0.0440245296,-0.0438677178,-0.0442196267,-0.045709389749999996,-0.0471948948,-0.04753616715,-0.04663060645,-0.04555159155,-0.0439507441,-0.0433267092,-0.0428529636,-0.04283163975,-0.0419679875,-0.0409132349,-0.0405030478,-0.04003359435,-0.03985588305,-0.0400507701,-0.04108307305,-0.0408288117,-0.039965383,-0.038818768,-0.039310435049999995,-0.04023888765,-0.0413418076,-0.04265995475,-0.04263407915,-0.04122475585,-0.04084963105,-0.040792458,-0.0409369386,-0.0412855853,-0.04222440235,-0.04259778715,-0.041730931900000004,-0.0404016182,-0.03977108965,532,21.0,0.0,0.0,0.0,0.0,0.0,0.0,0.0,0.0,0.0,0.0,0.0,0.0,0.0,0.0,0.0,3.855095002135551e-271,2.6738626833189567e-229,4.259529172677084e-192,6.117374359385815e-159,2.134354210251809e-129,3.7189385503037107e-103,5.382264963592756e-80,8.947058646739555e-60,1.959197116412044e-42,5.121549565841283e-28,9.676125512663007e-17,2.467756798659819e-09,1.55747587089088e-06,3.0307034998951623e-05,0.0006610227450309,0.0056553046878448,0.0144354377215803,0.0282945455807099,0.047348971966115,0.0708106244456521,0.0978131326828934,0.1290553249447979,0.1670560183425919,0.2093315904339534,0.2540987960720788,0.3031204347190445,0.359465706099581,0.4210905781702317,0.4839746402752476,0.550232923464668,0.6246979694194162,0.7054475216487206,0.7868289794013312,0.8704740687854289,0.9628643809444646
