time,z_mid,alpha_m-1
0,0.487456,0.000000e+00
0,0.962461,0.000000e+00
0,1.437465,0.000000e+00
0,1.912470,0.000000e+00
0,2.387475,0.000000e+00
0,2.862479,0.000000e+00
0,3.337484,0.000000e+00
0,3.812489,0.000000e+00
0,4.287493,0.000000e+00
0,4.762498,0.000000e+00
0,5.237502,0.000000e+00
0,5.712507,0.000000e+00
0,6.187512,0.000000e+00
0,6.662516,0.000000e+00
0,7.137521,0.000000e+00
0,7.612525,0.000000e+00
0,8.087530,0.000000e+00
0,8.562535,0.000000e+00
0,9.037539,0.000000e+00
0,9.512544,0.000000e+00
0.1,0.487456,-1.846782e-04
0.1,0.962461,-1.901139e-02
0.1,1.437465,-1.837396e-03
0.1,1.912470,-8.845423e-04
0.1,2.387475,-1.093900e-05
0.1,2.862479,-5.217348e-04
0.1,3.337484,-6.323976e-06
0.1,3.812489,-2.221807e-06
0.1,4.287493,-5.871284e-07
0.1,4.762498,-1.364849e-04
0.1,5.237502,-1.359887e-07
0.1,5.712507,-5.100383e-07
0.1,6.187512,-1.455656e-08
0.1,6.662516,-6.190459e-08
0.1,7.137521,-5.188779e-05
0.1,7.612525,-6.093902e-08
0.1,8.087530,-2.955693e-09
0.1,8.562535,-1.243910e-08
0.1,9.037539,-1.087624e-05
0.1,9.512544,-9.813046e-09
0.2,0.487456,-5.891272e-03
0.2,0.962461,-3.778587e-02
0.2,1.437465,-9.131100e-03
0.2,1.912470,-6.474222e-03
0.2,2.387475,-4.281173e-04
0.2,2.862479,-2.067988e-03
0.2,3.337484,-2.667284e-04
0.2,3.812489,-1.434450e-04
0.2,4.287493,-5.917871e-05
0.2,4.762498,-7.469083e-04
0.2,5.237502,-2.206920e-05
0.2,5.712507,-4.112990e-05
0.2,6.187512,-6.663838e-06
0.2,6.662516,-1.201447e-05
0.2,7.137521,-2.683171e-04
0.2,7.612525,-1.081663e-05
0.2,8.087530,-1.168495e-06
0.2,8.562535,-2.044365e-06
0.2,9.037539,-1.144344e-04
0.2,9.512544,-1.400559e-06
0.3,0.487456,-1.456851e-02
0.3,0.962461,-5.701394e-02
0.3,1.437465,-1.920467e-02
0.3,1.912470,-1.514123e-02
0.3,2.387475,-3.971578e-03
0.3,2.862479,-4.583043e-03
0.3,3.337484,-1.916528e-03
0.3,3.812489,-1.181481e-03
0.3,4.287493,-7.403190e-04
0.3,4.762498,-1.736025e-03
0.3,5.237502,-2.702218e-04
0.3,5.712507,-4.061793e-04
0.3,6.187512,-1.215443e-04
0.3,6.662516,-1.631942e-04
0.3,7.137521,-7.349493e-04
0.3,7.612525,-1.332671e-04
0.3,8.087530,-2.531623e-05
0.3,8.562535,-2.973759e-05
0.3,9.037539,-3.286898e-04
0.3,9.512544,-1.989980e-05
0.4,0.487456,-2.332711e-02
0.4,0.962461,-7.551393e-02
0.4,1.437465,-2.852868e-02
0.4,1.912470,-2.277061e-02
0.4,2.387475,-1.067042e-02
0.4,2.862479,-9.088352e-03
0.4,3.337484,-5.945008e-03
0.4,3.812489,-4.105875e-03
0.4,4.287493,-3.141406e-03
0.4,4.762498,-3.511764e-03
0.4,5.237502,-1.427117e-03
0.4,5.712507,-1.478225e-03
0.4,6.187512,-7.450136e-04
0.4,6.662516,-7.434261e-04
0.4,7.137521,-1.469590e-03
0.4,7.612525,-5.485199e-04
0.4,8.087530,-1.835008e-04
0.4,8.562535,-1.642603e-04
0.4,9.037539,-7.780150e-04
0.4,9.512544,-9.948122e-05
0.5,0.487456,-3.212803e-02
0.5,0.962461,-9.204067e-02
0.5,1.437465,-3.797202e-02
0.5,1.912470,-3.047568e-02
0.5,2.387475,-1.797971e-02
0.5,2.862479,-1.509224e-02
0.5,3.337484,-1.183273e-02
0.5,3.812489,-9.299392e-03
0.5,4.287493,-7.306552e-03
0.5,4.762498,-6.808214e-03
0.5,5.237502,-4.252066e-03
0.5,5.712507,-3.759597e-03
0.5,6.187512,-2.376811e-03
0.5,6.662516,-2.113822e-03
0.5,7.137521,-2.863918e-03
0.5,7.612525,-1.363233e-03
0.5,8.087530,-6.442147e-04
0.5,8.562535,-5.190370e-04
0.5,9.037539,-1.422094e-03
0.5,9.512544,-2.749428e-04
0.6,0.487456,-4.196191e-02
0.6,0.962461,-1.069593e-01
0.6,1.437465,-4.822572e-02
0.6,1.912470,-3.987277e-02
0.6,2.387475,-2.606814e-02
0.6,2.862479,-2.272795e-02
0.6,3.337484,-1.934995e-02
0.6,3.812489,-1.700862e-02
0.6,4.287493,-1.354284e-02
0.6,4.762498,-1.163789e-02
0.6,5.237502,-9.374081e-03
0.6,5.712507,-7.919721e-03
0.6,6.187512,-6.070182e-03
0.6,6.662516,-5.150055e-03
0.6,7.137521,-5.559756e-03
0.6,7.612525,-3.361774e-03
0.6,8.087530,-1.991080e-03
0.6,8.562535,-1.414147e-03
0.6,9.037539,-2.550157e-03
0.6,9.512544,-6.203487e-04
0.7,0.487456,-6.241395e-02
0.7,0.962461,-1.241933e-01
0.7,1.437465,-6.753715e-02
0.7,1.912470,-5.917126e-02
0.7,2.387475,-3.874155e-02
0.7,2.862479,-3.222401e-02
0.7,3.337484,-2.933906e-02
0.7,3.812489,-2.750267e-02
0.7,4.287493,-2.203389e-02
0.7,4.762498,-1.835479e-02
0.7,5.237502,-1.799944e-02
0.7,5.712507,-1.476286e-02
0.7,6.187512,-1.297520e-02
0.7,6.662516,-1.066724e-02
0.7,7.137521,-9.318735e-03
0.7,7.612525,-7.604292e-03
0.7,8.087530,-5.287236e-03
0.7,8.562535,-3.707698e-03
0.7,9.037539,-4.137992e-03
0.7,9.512544,-1.451706e-03
0.8,0.487456,-8.511803e-02
0.8,0.962461,-1.397232e-01
0.8,1.437465,-8.748145e-02
0.8,1.912470,-7.874636e-02
0.8,2.387475,-5.284589e-02
0.8,2.862479,-4.172694e-02
0.8,3.337484,-3.807184e-02
0.8,3.812489,-3.444444e-02
0.8,4.287493,-2.785710e-02
0.8,4.762498,-2.282617e-02
0.8,5.237502,-2.335059e-02
0.8,5.712507,-2.024692e-02
0.8,6.187512,-1.838662e-02
0.8,6.662516,-1.577936e-02
0.8,7.137521,-1.321710e-02
0.8,7.612525,-1.228999e-02
0.8,8.087530,-9.453265e-03
0.8,8.562535,-6.831287e-03
0.8,9.037539,-5.811628e-03
0.8,9.512544,-2.634885e-03
0.9,0.487456,-9.480537e-02
0.9,0.962461,-1.519218e-01
0.9,1.437465,-9.582043e-02
0.9,1.912470,-8.622819e-02
0.9,2.387475,-6.085647e-02
0.9,2.862479,-4.818068e-02
0.9,3.337484,-4.313517e-02
0.9,3.812489,-3.867607e-02
0.9,4.287493,-3.250667e-02
0.9,4.762498,-2.631749e-02
0.9,5.237502,-2.609231e-02
0.9,5.712507,-2.323190e-02
0.9,6.187512,-2.064057e-02
0.9,6.662516,-1.850064e-02
0.9,7.137521,-1.582372e-02
0.9,7.612525,-1.540201e-02
0.9,8.087530,-1.243552e-02
0.9,8.562535,-8.884176e-03
0.9,9.037539,-6.863975e-03
0.9,9.512544,-3.077973e-03
1,0.487456,-1.078947e-01
1,0.962461,-1.609745e-01
1,1.437465,-1.054025e-01
1,1.912470,-9.452800e-02
1,2.387475,-6.958184e-02
1,2.862479,-5.493710e-02
1,3.337484,-4.928702e-02
1,3.812489,-4.412078e-02
1,4.287493,-3.821034e-02
1,4.762498,-3.119911e-02
1,5.237502,-3.179710e-02
1,5.712507,-2.893191e-02
1,6.187512,-2.550823e-02
1,6.662516,-2.297512e-02
1,7.137521,-1.911241e-02
1,7.612525,-1.879159e-02
1,8.087530,-1.522040e-02
1,8.562535,-1.134871e-02
1,9.037539,-8.411445e-03
1,9.512544,-3.973116e-03
1.1,0.487456,-1.179240e-01
1.1,0.962461,-1.668862e-01
1.1,1.437465,-1.105537e-01
1.1,1.912470,-9.982561e-02
1.1,2.387475,-7.719490e-02
1.1,2.862479,-6.245709e-02
1.1,3.337484,-5.653369e-02
1.1,3.812489,-5.090612e-02
1.1,4.287493,-4.482138e-02
1.1,4.762498,-3.681484e-02
1.1,5.237502,-3.905204e-02
1.1,5.712507,-3.584695e-02
1.1,6.187512,-3.274088e-02
1.1,6.662516,-2.907893e-02
1.1,7.137521,-2.290322e-02
1.1,7.612525,-2.244758e-02
1.1,8.087530,-1.772653e-02
1.1,8.562535,-1.336780e-02
1.1,9.037539,-9.667745e-03
1.1,9.512544,-4.518834e-03
1.2,0.487456,-1.164515e-01
1.2,0.962461,-1.634994e-01
1.2,1.437465,-1.038815e-01
1.2,1.912470,-9.344939e-02
1.2,2.387475,-7.804534e-02
1.2,2.862479,-6.729570e-02
1.2,3.337484,-6.189217e-02
1.2,3.812489,-5.768720e-02
1.2,4.287493,-5.163997e-02
1.2,4.762498,-4.311931e-02
1.2,5.237502,-4.694932e-02
1.2,5.712507,-4.317664e-02
1.2,6.187512,-4.076750e-02
1.2,6.662516,-3.604241e-02
1.2,7.137521,-2.767704e-02
1.2,7.612525,-2.741438e-02
1.2,8.087530,-2.178771e-02
1.2,8.562535,-1.633560e-02
1.2,9.037539,-1.125651e-02
1.2,9.512544,-5.582215e-03
1.3,0.487456,-1.081660e-01
1.3,0.962461,-1.548695e-01
1.3,1.437465,-9.256614e-02
1.3,1.912470,-8.186294e-02
1.3,2.387475,-6.908266e-02
1.3,2.862479,-6.581708e-02
1.3,3.337484,-5.869198e-02
1.3,3.812489,-5.585427e-02
1.3,4.287493,-5.181748e-02
1.3,4.762498,-4.543181e-02
1.3,5.237502,-4.903748e-02
1.3,5.712507,-4.632179e-02
1.3,6.187512,-4.511132e-02
1.3,6.662516,-4.112590e-02
1.3,7.137521,-3.232360e-02
1.3,7.612525,-3.300985e-02
1.3,8.087530,-2.722249e-02
1.3,8.562535,-2.001532e-02
1.3,9.037539,-1.304940e-02
1.3,9.512544,-6.481303e-03
1.4,0.487456,-1.031462e-01
1.4,0.962461,-1.509308e-01
1.4,1.437465,-8.652224e-02
1.4,1.912470,-7.478487e-02
1.4,2.387475,-5.894870e-02
1.4,2.862479,-6.270799e-02
1.4,3.337484,-5.145810e-02
1.4,3.812489,-4.907038e-02
1.4,4.287493,-4.642413e-02
1.4,4.762498,-4.428861e-02
1.4,5.237502,-4.493179e-02
1.4,5.712507,-4.411605e-02
1.4,6.187512,-4.425625e-02
1.4,6.662516,-4.197093e-02
1.4,7.137521,-3.475701e-02
1.4,7.612525,-3.592003e-02
1.4,8.087530,-3.079959e-02
1.4,8.562535,-2.292180e-02
1.4,9.037539,-1.473180e-02
1.4,9.512544,-7.236719e-03
1.5,0.487456,-1.021281e-01
1.5,0.962461,-1.545379e-01
1.5,1.437465,-8.654847e-02
1.5,1.912470,-7.370120e-02
1.5,2.387475,-5.376747e-02
1.5,2.862479,-6.131571e-02
1.5,3.337484,-4.690250e-02
1.5,3.812489,-4.424537e-02
1.5,4.287493,-4.252489e-02
1.5,4.762498,-4.332442e-02
1.5,5.237502,-4.147215e-02
1.5,5.712507,-4.184856e-02
1.5,6.187512,-4.254227e-02
1.5,6.662516,-4.143602e-02
1.5,7.137521,-3.599161e-02
1.5,7.612525,-3.692709e-02
1.5,8.087530,-3.212762e-02
1.5,8.562535,-2.394573e-02
1.5,9.037539,-1.573355e-02
1.5,9.512544,-7.574474e-03
1.6,0.487456,-1.064346e-01
1.6,0.962461,-1.577322e-01
1.6,1.437465,-9.492877e-02
1.6,1.912470,-8.277964e-02
1.6,2.387475,-5.380828e-02
1.6,2.862479,-6.035037e-02
1.6,3.337484,-4.342743e-02
1.6,3.812489,-3.970160e-02
1.6,4.287493,-3.735846e-02
1.6,4.762498,-4.077660e-02
1.6,5.237502,-3.571095e-02
1.6,5.712507,-3.713603e-02
1.6,6.187512,-3.804833e-02
1.6,6.662516,-3.828135e-02
1.6,7.137521,-3.540234e-02
1.6,7.612525,-3.554411e-02
1.6,8.087530,-3.199181e-02
1.6,8.562535,-2.453557e-02
1.6,9.037539,-1.679857e-02
1.6,9.512544,-8.534159e-03
1.7,0.487456,-1.134165e-01
1.7,0.962461,-1.645103e-01
1.7,1.437465,-1.040469e-01
1.7,1.912470,-9.360769e-02
1.7,2.387475,-6.349320e-02
1.7,2.862479,-6.505859e-02
1.7,3.337484,-4.807963e-02
1.7,3.812489,-4.370257e-02
1.7,4.287493,-3.860692e-02
1.7,4.762498,-4.126429e-02
1.7,5.237502,-3.425244e-02
1.7,5.712507,-3.483863e-02
1.7,6.187512,-3.481663e-02
1.7,6.662516,-3.538052e-02
1.7,7.137521,-3.422493e-02
1.7,7.612525,-3.379563e-02
1.7,8.087530,-3.071303e-02
1.7,8.562535,-2.435252e-02
1.7,9.037539,-1.761468e-02
1.7,9.512544,-9.124617e-03
1.8,0.487456,-1.184498e-01
1.8,0.962461,-1.676254e-01
1.8,1.437465,-1.115093e-01
1.8,1.912470,-1.021226e-01
1.8,2.387475,-6.937372e-02
1.8,2.862479,-6.775360e-02
1.8,3.337484,-5.262471e-02
1.8,3.812489,-4.832216e-02
1.8,4.287493,-4.067436e-02
1.8,4.762498,-4.207537e-02
1.8,5.237502,-3.482878e-02
1.8,5.712507,-3.373882e-02
1.8,6.187512,-3.228598e-02
1.8,6.662516,-3.232180e-02
1.8,7.137521,-3.235243e-02
1.8,7.612525,-3.127261e-02
1.8,8.087530,-2.885684e-02
1.8,8.562535,-2.408585e-02
1.8,9.037539,-1.829732e-02
1.8,9.512544,-9.827153e-03
1.9,0.487456,-1.208888e-01
1.9,0.962461,-1.668688e-01
1.9,1.437465,-1.158760e-01
1.9,1.912470,-1.058148e-01
1.9,2.387475,-7.155641e-02
1.9,2.862479,-6.808679e-02
1.9,3.337484,-5.596561e-02
1.9,3.812489,-5.188358e-02
1.9,4.287493,-4.219425e-02
1.9,4.762498,-4.176954e-02
1.9,5.237502,-3.560453e-02
1.9,5.712507,-3.322069e-02
1.9,6.187512,-2.982156e-02
1.9,6.662516,-2.906078e-02
1.9,7.137521,-2.952587e-02
1.9,7.612525,-2.834181e-02
1.9,8.087530,-2.672165e-02
1.9,8.562535,-2.377416e-02
1.9,9.037539,-1.870465e-02
1.9,9.512544,-1.059485e-02
2,0.487456,-1.190541e-01
2,0.962461,-1.638928e-01
2,1.437465,-1.138898e-01
2,1.912470,-1.021548e-01
2,2.387475,-6.999089e-02
2,2.862479,-6.574223e-02
2,3.337484,-5.599715e-02
2,3.812489,-5.187486e-02
2,4.287493,-4.273401e-02
2,4.762498,-4.103827e-02
2,5.237502,-3.663021e-02
2,5.712507,-3.420854e-02
2,6.187512,-2.968898e-02
2,6.662516,-2.795977e-02
2,7.137521,-2.804518e-02
2,7.612525,-2.655712e-02
2,8.087530,-2.504503e-02
2,8.562535,-2.341808e-02
2,9.037539,-1.886317e-02
2,9.512544,-1.102230e-02
2.1,0.487456,-1.130604e-01
2.1,0.962461,-1.610514e-01
2.1,1.437465,-1.074620e-01
2.1,1.912470,-9.454110e-02
2.1,2.387475,-6.393054e-02
2.1,2.862479,-6.084813e-02
2.1,3.337484,-5.139020e-02
2.1,3.812489,-4.689773e-02
2.1,4.287493,-4.029771e-02
2.1,4.762498,-3.911496e-02
2.1,5.237502,-3.525082e-02
2.1,5.712507,-3.399865e-02
2.1,6.187512,-2.947787e-02
2.1,6.662516,-2.775204e-02
2.1,7.137521,-2.733582e-02
2.1,7.612525,-2.540879e-02
2.1,8.087530,-2.369236e-02
2.1,8.562535,-2.284608e-02
2.1,9.037539,-1.881524e-02
2.1,9.512544,-1.138070e-02
2.2,0.487456,-1.045284e-01
2.2,0.962461,-1.581877e-01
2.2,1.437465,-9.888622e-02
2.2,1.912470,-8.675084e-02
2.2,2.387475,-5.923102e-02
2.2,2.862479,-5.751613e-02
2.2,3.337484,-4.699284e-02
2.2,3.812489,-4.218387e-02
2.2,4.287493,-3.745378e-02
2.2,4.762498,-3.691428e-02
2.2,5.237502,-3.266132e-02
2.2,5.712507,-3.228006e-02
2.2,6.187512,-2.820038e-02
2.2,6.662516,-2.705846e-02
2.2,7.137521,-2.663921e-02
2.2,7.612525,-2.450922e-02
2.2,8.087530,-2.265044e-02
2.2,8.562535,-2.222536e-02
2.2,9.037539,-1.874755e-02
2.2,9.512544,-1.172422e-02
2.3,0.487456,-9.791094e-02
2.3,0.962461,-1.529640e-01
2.3,1.437465,-9.147381e-02
2.3,1.912470,-8.015870e-02
2.3,2.387475,-5.241960e-02
2.3,2.862479,-5.335834e-02
2.3,3.337484,-4.150046e-02
2.3,3.812489,-3.740532e-02
2.3,4.287493,-3.345267e-02
2.3,4.762498,-3.399544e-02
2.3,5.237502,-2.912927e-02
2.3,5.712507,-2.882725e-02
2.3,6.187512,-2.543290e-02
2.3,6.662516,-2.482704e-02
2.3,7.137521,-2.505225e-02
2.3,7.612525,-2.280859e-02
2.3,8.087530,-2.123987e-02
2.3,8.562535,-2.121605e-02
2.3,9.037539,-1.860038e-02
2.3,9.512544,-1.219803e-02
2.4,0.487456,-9.818398e-02
2.4,0.962461,-1.538660e-01
2.4,1.437465,-9.160259e-02
2.4,1.912470,-8.020923e-02
2.4,2.387475,-4.874206e-02
2.4,2.862479,-5.120965e-02
2.4,3.337484,-3.756378e-02
2.4,3.812489,-3.416540e-02
2.4,4.287493,-3.040237e-02
2.4,4.762498,-3.201366e-02
2.4,5.237502,-2.633184e-02
2.4,5.712507,-2.594383e-02
2.4,6.187512,-2.322337e-02
2.4,6.662516,-2.289858e-02
2.4,7.137521,-2.391660e-02
2.4,7.612525,-2.160031e-02
2.4,8.087530,-2.044641e-02
2.4,8.562535,-2.061297e-02
2.4,9.037539,-1.853593e-02
2.4,9.512544,-1.243156e-02
2.5,0.487456,-1.063397e-01
2.5,0.962461,-1.589069e-01
2.5,1.437465,-9.975232e-02
2.5,1.912470,-8.855082e-02
2.5,2.387475,-4.825689e-02
2.5,2.862479,-4.996019e-02
2.5,3.337484,-3.573942e-02
2.5,3.812489,-3.284724e-02
2.5,4.287493,-2.813291e-02
2.5,4.762498,-3.037202e-02
2.5,5.237502,-2.393480e-02
2.5,5.712507,-2.343486e-02
2.5,6.187512,-2.101257e-02
2.5,6.662516,-2.089281e-02
2.5,7.137521,-2.268272e-02
2.5,7.612525,-2.030043e-02
2.5,8.087530,-1.970788e-02
2.5,8.562535,-2.004147e-02
2.5,9.037539,-1.829808e-02
2.5,9.512544,-1.267263e-02
2.6,0.487456,-1.170496e-01
2.6,0.962461,-1.661171e-01
2.6,1.437465,-1.104972e-01
2.6,1.912470,-9.922106e-02
2.6,2.387475,-5.055953e-02
2.6,2.862479,-4.971313e-02
2.6,3.337484,-3.531223e-02
2.6,3.812489,-3.232863e-02
2.6,4.287493,-2.679490e-02
2.6,4.762498,-2.909833e-02
2.6,5.237502,-2.230671e-02
2.6,5.712507,-2.172278e-02
2.6,6.187512,-1.935162e-02
2.6,6.662516,-1.933572e-02
2.6,7.137521,-2.152510e-02
2.6,7.612525,-1.938565e-02
2.6,8.087530,-1.914788e-02
2.6,8.562535,-1.959021e-02
2.6,9.037539,-1.819220e-02
2.6,9.512544,-1.287836e-02
2.7,0.487456,-1.249413e-01
2.7,0.962461,-1.713354e-01
2.7,1.437465,-1.184521e-01
2.7,1.912470,-1.070864e-01
2.7,2.387475,-5.488961e-02
2.7,2.862479,-4.896065e-02
2.7,3.337484,-3.484650e-02
2.7,3.812489,-3.114458e-02
2.7,4.287493,-2.526562e-02
2.7,4.762498,-2.705744e-02
2.7,5.237502,-2.040617e-02
2.7,5.712507,-1.972783e-02
2.7,6.187512,-1.740763e-02
2.7,6.662516,-1.736032e-02
2.7,7.137521,-1.997393e-02
2.7,7.612525,-1.799735e-02
2.7,8.087530,-1.831364e-02
2.7,8.562535,-1.899060e-02
2.7,9.037539,-1.782238e-02
2.7,9.512544,-1.299969e-02
2.8,0.487456,-1.320183e-01
2.8,0.962461,-1.775977e-01
2.8,1.437465,-1.259858e-01
2.8,1.912470,-1.148658e-01
2.8,2.387475,-6.174886e-02
2.8,2.862479,-5.046525e-02
2.8,3.337484,-3.681591e-02
2.8,3.812489,-3.186466e-02
2.8,4.287493,-2.484784e-02
2.8,4.762498,-2.580906e-02
2.8,5.237502,-1.945053e-02
2.8,5.712507,-1.888424e-02
2.8,6.187512,-1.633302e-02
2.8,6.662516,-1.619989e-02
2.8,7.137521,-1.884150e-02
2.8,7.612525,-1.697682e-02
2.8,8.087530,-1.757832e-02
2.8,8.562535,-1.842464e-02
2.8,9.037539,-1.758659e-02
2.8,9.512544,-1.313169e-02
2.9,0.487456,-1.360940e-01
2.9,0.962461,-1.824283e-01
2.9,1.437465,-1.308731e-01
2.9,1.912470,-1.207761e-01
2.9,2.387475,-6.946363e-02
2.9,2.862479,-5.433633e-02
2.9,3.337484,-4.111944e-02
2.9,3.812489,-3.515422e-02
2.9,4.287493,-2.615222e-02
2.9,4.762498,-2.561182e-02
2.9,5.237502,-1.942201e-02
2.9,5.712507,-1.876474e-02
2.9,6.187512,-1.575910e-02
2.9,6.662516,-1.543087e-02
2.9,7.137521,-1.802263e-02
2.9,7.612525,-1.598317e-02
2.9,8.087530,-1.672558e-02
2.9,8.562535,-1.781585e-02
2.9,9.037539,-1.743041e-02
2.9,9.512544,-1.326441e-02
3,0.487456,-1.360978e-01
3,0.962461,-1.825458e-01
3,1.437465,-1.319275e-01
3,1.912470,-1.237678e-01
3,2.387475,-7.863123e-02
3,2.862479,-5.988587e-02
3,3.337484,-4.863567e-02
3,3.812489,-4.203197e-02
3,4.287493,-3.083497e-02
3,4.762498,-2.716896e-02
3,5.237502,-2.141467e-02
3,5.712507,-2.001313e-02
3,6.187512,-1.620206e-02
3,6.662516,-1.524589e-02
3,7.137521,-1.711976e-02
3,7.612525,-1.486698e-02
3,8.087530,-1.551680e-02
3,8.562535,-1.687035e-02
3,9.037539,-1.704112e-02
3,9.512544,-1.342103e-02
3.1,0.487456,-1.305126e-01
3.1,0.962461,-1.784400e-01
3.1,1.437465,-1.284783e-01
3.1,1.912470,-1.223814e-01
3.1,2.387475,-8.336266e-02
3.1,2.862479,-6.371845e-02
3.1,3.337484,-5.461443e-02
3.1,3.812489,-4.800608e-02
3.1,4.287493,-3.590421e-02
3.1,4.762498,-2.958789e-02
3.1,5.237502,-2.472053e-02
3.1,5.712507,-2.184807e-02
3.1,6.187512,-1.763673e-02
3.1,6.662516,-1.576428e-02
3.1,7.137521,-1.672358e-02
3.1,7.612525,-1.418344e-02
3.1,8.087530,-1.458024e-02
3.1,8.562535,-1.605885e-02
3.1,9.037539,-1.670502e-02
3.1,9.512544,-1.357447e-02
3.2,0.487456,-1.261331e-01
3.2,0.962461,-1.779535e-01
3.2,1.437465,-1.262699e-01
3.2,1.912470,-1.211001e-01
3.2,2.387475,-8.691548e-02
3.2,2.862479,-6.752617e-02
3.2,3.337484,-5.926401e-02
3.2,3.812489,-5.238597e-02
3.2,4.287493,-4.001631e-02
3.2,4.762498,-3.225852e-02
3.2,5.237502,-2.774034e-02
3.2,5.712507,-2.383013e-02
3.2,6.187512,-1.926132e-02
3.2,6.662516,-1.672902e-02
3.2,7.137521,-1.703673e-02
3.2,7.612525,-1.420885e-02
3.2,8.087530,-1.434114e-02
3.2,8.562535,-1.578602e-02
3.2,9.037539,-1.668444e-02
3.2,9.512544,-1.371497e-02
3.3,0.487456,-1.205513e-01
3.3,0.962461,-1.723404e-01
3.3,1.437465,-1.223078e-01
3.3,1.912470,-1.184387e-01
3.3,2.387475,-8.624711e-02
3.3,2.862479,-6.804072e-02
3.3,3.337484,-6.249234e-02
3.3,3.812489,-5.634959e-02
3.3,4.287493,-4.322188e-02
3.3,4.762498,-3.413666e-02
3.3,5.237502,-3.082219e-02
3.3,5.712507,-2.623138e-02
3.3,6.187512,-2.093243e-02
3.3,6.662516,-1.776997e-02
3.3,7.137521,-1.705890e-02
3.3,7.612525,-1.417655e-02
3.3,8.087530,-1.368645e-02
3.3,8.562535,-1.491299e-02
3.3,9.037539,-1.622346e-02
3.3,9.512544,-1.380553e-02
3.4,0.487456,-1.171330e-01
3.4,0.962461,-1.693949e-01
3.4,1.437465,-1.187376e-01
3.4,1.912470,-1.141625e-01
3.4,2.387475,-8.243309e-02
3.4,2.862479,-6.671881e-02
3.4,3.337484,-6.247509e-02
3.4,3.812489,-5.732752e-02
3.4,4.287493,-4.516391e-02
3.4,4.762498,-3.555159e-02
3.4,5.237502,-3.315843e-02
3.4,5.712507,-2.834765e-02
3.4,6.187512,-2.244135e-02
3.4,6.662516,-1.872279e-02
3.4,7.137521,-1.727535e-02
3.4,7.612525,-1.430861e-02
3.4,8.087530,-1.349566e-02
3.4,8.562535,-1.454580e-02
3.4,9.037539,-1.613451e-02
3.4,9.512544,-1.389213e-02
3.5,0.487456,-1.147832e-01
3.5,0.962461,-1.644007e-01
3.5,1.437465,-1.150274e-01
3.5,1.912470,-1.095156e-01
3.5,2.387475,-7.524985e-02
3.5,2.862479,-6.226365e-02
3.5,3.337484,-5.785896e-02
3.5,3.812489,-5.347623e-02
3.5,4.287493,-4.413337e-02
3.5,4.762498,-3.539107e-02
3.5,5.237502,-3.428486e-02
3.5,5.712507,-2.993818e-02
3.5,6.187512,-2.395541e-02
3.5,6.662516,-1.971192e-02
3.5,7.137521,-1.746455e-02
3.5,7.612525,-1.444808e-02
3.5,8.087530,-1.317789e-02
3.5,8.562535,-1.397978e-02
3.5,9.037539,-1.586306e-02
3.5,9.512544,-1.389572e-02
3.6,0.487456,-1.108565e-01
3.6,0.962461,-1.561673e-01
3.6,1.437465,-1.096009e-01
3.6,1.912470,-1.031763e-01
3.6,2.387475,-6.850774e-02
3.6,2.862479,-5.794563e-02
3.6,3.337484,-5.141734e-02
3.6,3.812489,-4.748024e-02
3.6,4.287493,-3.995602e-02
3.6,4.762498,-3.319004e-02
3.6,5.237502,-3.255390e-02
3.6,5.712507,-2.961678e-02
3.6,6.187512,-2.447062e-02
3.6,6.662516,-2.044643e-02
3.6,7.137521,-1.753262e-02
3.6,7.612525,-1.479242e-02
3.6,8.087530,-1.305002e-02
3.6,8.562535,-1.339457e-02
3.6,9.037539,-1.532838e-02
3.6,9.512544,-1.385781e-02
3.7,0.487456,-1.061680e-01
3.7,0.962461,-1.514674e-01
3.7,1.437465,-1.038991e-01
3.7,1.912470,-9.736960e-02
3.7,2.387475,-6.441597e-02
3.7,2.862479,-5.590814e-02
3.7,3.337484,-4.720363e-02
3.7,3.812489,-4.351068e-02
3.7,4.287493,-3.693089e-02
3.7,4.762498,-3.189420e-02
3.7,5.237502,-3.068559e-02
3.7,5.712507,-2.827990e-02
3.7,6.187512,-2.407854e-02
3.7,6.662516,-2.051840e-02
3.7,7.137521,-1.769157e-02
3.7,7.612525,-1.502857e-02
3.7,8.087530,-1.312478e-02
3.7,8.562535,-1.321686e-02
3.7,9.037539,-1.518675e-02
3.7,9.512544,-1.384502e-02
3.8,0.487456,-9.993239e-02
3.8,0.962461,-1.462353e-01
3.8,1.437465,-9.877509e-02
3.8,1.912470,-9.325121e-02
3.8,2.387475,-6.007836e-02
3.8,2.862479,-5.304309e-02
3.8,3.337484,-4.312536e-02
3.8,3.812489,-3.967850e-02
3.8,4.287493,-3.371277e-02
3.8,4.762498,-3.027388e-02
3.8,5.237502,-2.841379e-02
3.8,5.712507,-2.644944e-02
3.8,6.187512,-2.305479e-02
3.8,6.662516,-2.005901e-02
3.8,7.137521,-1.765774e-02
3.8,7.612525,-1.510929e-02
3.8,8.087530,-1.316190e-02
3.8,8.562535,-1.299397e-02
3.8,9.037539,-1.503343e-02
3.8,9.512544,-1.381556e-02
3.9,0.487456,-9.121020e-02
3.9,0.962461,-1.384783e-01
3.9,1.437465,-9.201456e-02
3.9,1.912470,-8.611334e-02
3.9,2.387475,-5.405805e-02
3.9,2.862479,-4.850790e-02
3.9,3.337484,-3.890541e-02
3.9,3.812489,-3.558340e-02
3.9,4.287493,-2.994256e-02
3.9,4.762498,-2.766511e-02
3.9,5.237502,-2.561288e-02
3.9,5.712507,-2.407499e-02
3.9,6.187512,-2.137803e-02
3.9,6.662516,-1.901076e-02
3.9,7.137521,-1.706008e-02
3.9,7.612525,-1.490377e-02
3.9,8.087530,-1.306517e-02
3.9,8.562535,-1.260979e-02
3.9,9.037539,-1.455915e-02
3.9,9.512544,-1.372051e-02
4,0.487456,-9.061614e-02
4,0.962461,-1.400569e-01
4,1.437465,-9.161409e-02
4,1.912470,-8.410274e-02
4,2.387475,-4.965860e-02
4,2.862479,-4.565504e-02
4,3.337484,-3.613987e-02
4,3.812489,-3.252913e-02
4,4.287493,-2.700246e-02
4,4.762498,-2.565112e-02
4,5.237502,-2.332611e-02
4,5.712507,-2.224370e-02
4,6.187512,-1.995480e-02
4,6.662516,-1.807888e-02
4,7.137521,-1.656757e-02
4,7.612525,-1.455411e-02
4,8.087530,-1.289392e-02
4,8.562535,-1.238571e-02
4,9.037539,-1.444683e-02
4,9.512544,-1.363289e-02
4.1,0.487456,-9.751559e-02
4.1,0.962461,-1.466860e-01
4.1,1.437465,-9.599555e-02
4.1,1.912470,-8.691992e-02
4.1,2.387475,-4.700876e-02
4.1,2.862479,-4.379393e-02
4.1,3.337484,-3.390184e-02
4.1,3.812489,-3.012439e-02
4.1,4.287493,-2.422813e-02
4.1,4.762498,-2.388794e-02
4.1,5.237502,-2.082389e-02
4.1,5.712507,-2.021784e-02
4.1,6.187512,-1.828170e-02
4.1,6.662516,-1.694025e-02
4.1,7.137521,-1.603501e-02
4.1,7.612525,-1.405183e-02
4.1,8.087530,-1.260431e-02
4.1,8.562535,-1.208869e-02
4.1,9.037539,-1.422203e-02
4.1,9.512544,-1.349505e-02
4.2,0.487456,-1.109634e-01
4.2,0.962461,-1.529366e-01
4.2,1.437465,-1.055343e-01
4.2,1.912470,-9.652463e-02
4.2,2.387475,-4.236760e-02
4.2,2.862479,-3.916122e-02
4.2,3.337484,-2.942046e-02
4.2,3.812489,-2.626373e-02
4.2,4.287493,-1.957009e-02
4.2,4.762498,-2.026872e-02
4.2,5.237502,-1.659489e-02
4.2,5.712507,-1.660581e-02
4.2,6.187512,-1.496644e-02
4.2,6.662516,-1.444667e-02
4.2,7.137521,-1.449391e-02
4.2,7.612525,-1.286793e-02
4.2,8.087530,-1.189894e-02
4.2,8.562535,-1.142502e-02
4.2,9.037539,-1.351960e-02
4.2,9.512544,-1.323040e-02
4.3,0.487456,-1.181683e-01
4.3,0.962461,-1.555577e-01
4.3,1.437465,-1.114552e-01
4.3,1.912470,-1.032232e-01
4.3,2.387475,-4.013487e-02
4.3,2.862479,-3.660961e-02
4.3,3.337484,-2.583624e-02
4.3,3.812489,-2.306111e-02
4.3,4.287493,-1.623979e-02
4.3,4.762498,-1.766661e-02
4.3,5.237502,-1.309448e-02
4.3,5.712507,-1.338282e-02
4.3,6.187512,-1.197495e-02
4.3,6.662516,-1.203221e-02
4.3,7.137521,-1.307570e-02
4.3,7.612525,-1.162416e-02
4.3,8.087530,-1.117998e-02
4.3,8.562535,-1.093713e-02
4.3,9.037539,-1.305282e-02
4.3,9.512544,-1.304427e-02
4.4,0.487456,-1.233487e-01
4.4,0.962461,-1.618951e-01
4.4,1.437465,-1.169646e-01
4.4,1.912470,-1.086318e-01
4.4,2.387475,-4.294496e-02
4.4,2.862479,-3.781737e-02
4.4,3.337484,-2.591998e-02
4.4,3.812489,-2.285420e-02
4.4,4.287493,-1.556143e-02
4.4,4.762498,-1.721481e-02
4.4,5.237502,-1.186800e-02
4.4,5.712507,-1.215934e-02
4.4,6.187512,-1.077830e-02
4.4,6.662516,-1.105268e-02
4.4,7.137521,-1.266163e-02
4.4,7.612525,-1.113167e-02
4.4,8.087530,-1.089639e-02
4.4,8.562535,-1.082906e-02
4.4,9.037539,-1.296163e-02
4.4,9.512544,-1.299486e-02
4.5,0.487456,-1.274216e-01
4.5,0.962461,-1.632583e-01
4.5,1.437465,-1.237120e-01
4.5,1.912470,-1.172421e-01
4.5,2.387475,-4.731507e-02
4.5,2.862479,-3.903319e-02
4.5,3.337484,-2.794445e-02
4.5,3.812489,-2.483126e-02
4.5,4.287493,-1.577498e-02
4.5,4.762498,-1.668524e-02
4.5,5.237502,-1.119720e-02
4.5,5.712507,-1.117889e-02
4.5,6.187512,-9.355448e-03
4.5,6.662516,-9.560973e-03
4.5,7.137521,-1.154890e-02
4.5,7.612525,-9.999421e-03
4.5,8.087530,-1.011069e-02
4.5,8.562535,-1.026611e-02
4.5,9.037539,-1.235947e-02
4.5,9.512544,-1.271418e-02
4.6,0.487456,-1.306232e-01
4.6,0.962461,-1.682686e-01
4.6,1.437465,-1.284136e-01
4.6,1.912470,-1.224340e-01
4.6,2.387475,-5.225136e-02
4.6,2.862479,-4.146690e-02
4.6,3.337484,-3.034725e-02
4.6,3.812489,-2.706012e-02
4.6,4.287493,-1.690725e-02
4.6,4.762498,-1.691655e-02
4.6,5.237502,-1.154456e-02
4.6,5.712507,-1.110406e-02
4.6,6.187512,-9.026884e-03
4.6,6.662516,-8.996201e-03
4.6,7.137521,-1.111082e-02
4.6,7.612525,-9.484408e-03
4.6,8.087530,-9.766096e-03
4.6,8.562535,-1.009554e-02
4.6,9.037539,-1.223902e-02
4.6,9.512544,-1.266196e-02
4.7,0.487456,-1.307892e-01
4.7,0.962461,-1.703891e-01
4.7,1.437465,-1.293192e-01
4.7,1.912470,-1.230690e-01
4.7,2.387475,-5.532548e-02
4.7,2.862479,-4.415562e-02
4.7,3.337484,-3.280206e-02
4.7,3.812489,-2.937609e-02
4.7,4.287493,-1.790607e-02
4.7,4.762498,-1.740399e-02
4.7,5.237502,-1.211592e-02
4.7,5.712507,-1.125698e-02
4.7,6.187512,-8.891655e-03
4.7,6.662516,-8.593903e-03
4.7,7.137521,-1.073043e-02
4.7,7.612525,-8.939183e-03
4.7,8.087530,-9.302932e-03
4.7,8.562535,-9.750326e-03
4.7,9.037539,-1.194557e-02
4.7,9.512544,-1.242549e-02
4.8,0.487456,-1.283378e-01
4.8,0.962461,-1.706945e-01
4.8,1.437465,-1.274144e-01
4.8,1.912470,-1.210161e-01
4.8,2.387475,-5.830276e-02
4.8,2.862479,-4.664093e-02
4.8,3.337484,-3.502600e-02
4.8,3.812489,-3.148237e-02
4.8,4.287493,-1.915217e-02
4.8,4.762498,-1.787972e-02
4.8,5.237502,-1.277431e-02
4.8,5.712507,-1.151096e-02
4.8,6.187512,-8.936754e-03
4.8,6.662516,-8.334100e-03
4.8,7.137521,-1.033084e-02
4.8,7.612525,-8.483520e-03
4.8,8.087530,-8.887477e-03
4.8,8.562535,-9.467444e-03
4.8,9.037539,-1.172977e-02
4.8,9.512544,-1.228193e-02
4.9,0.487456,-1.277542e-01
4.9,0.962461,-1.750415e-01
4.9,1.437465,-1.265768e-01
4.9,1.912470,-1.196825e-01
4.9,2.387475,-6.124394e-02
4.9,2.862479,-4.910248e-02
4.9,3.337484,-3.688420e-02
4.9,3.812489,-3.309633e-02
4.9,4.287493,-2.044124e-02
4.9,4.762498,-1.865864e-02
4.9,5.237502,-1.339363e-02
4.9,5.712507,-1.182830e-02
4.9,6.187512,-9.131483e-03
4.9,6.662516,-8.336343e-03
4.9,7.137521,-1.037617e-02
4.9,7.612525,-8.343122e-03
4.9,8.087530,-8.761636e-03
4.9,8.562535,-9.403719e-03
4.9,9.037539,-1.184562e-02
4.9,9.512544,-1.224976e-02
5,0.487456,-1.281610e-01
5,0.962461,-1.737799e-01
5,1.437465,-1.250453e-01
5,1.912470,-1.169942e-01
5,2.387475,-6.265790e-02
5,2.862479,-5.003284e-02
5,3.337484,-3.862345e-02
5,3.812489,-3.456205e-02
5,4.287493,-2.180740e-02
5,4.762498,-1.946325e-02
5,5.237502,-1.419285e-02
5,5.712507,-1.231195e-02
5,6.187512,-9.303347e-03
5,6.662516,-8.257336e-03
5,7.137521,-1.011836e-02
5,7.612525,-7.922202e-03
5,8.087530,-8.215519e-03
5,8.562535,-8.912944e-03
5,9.037539,-1.130275e-02
5,9.512544,-1.187165e-02
5.1,0.487456,-1.295185e-01
5.1,0.962461,-1.743151e-01
5.1,1.437465,-1.252915e-01
5.1,1.912470,-1.154063e-01
5.1,2.387475,-6.440707e-02
5.1,2.862479,-5.129471e-02
5.1,3.337484,-4.037351e-02
5.1,3.812489,-3.564346e-02
5.1,4.287493,-2.314478e-02
5.1,4.762498,-2.034287e-02
5.1,5.237502,-1.483288e-02
5.1,5.712507,-1.291319e-02
5.1,6.187512,-9.559466e-03
5.1,6.662516,-8.384245e-03
5.1,7.137521,-1.005207e-02
5.1,7.612525,-7.743609e-03
5.1,8.087530,-7.944430e-03
5.1,8.562535,-8.694964e-03
5.1,9.037539,-1.113636e-02
5.1,9.512544,-1.173167e-02
5.2,0.487456,-1.287095e-01
5.2,0.962461,-1.766998e-01
5.2,1.437465,-1.241420e-01
5.2,1.912470,-1.142493e-01
5.2,2.387475,-7.042131e-02
5.2,2.862479,-5.446848e-02
5.2,3.337484,-4.456208e-02
5.2,3.812489,-3.883730e-02
5.2,4.287493,-2.672092e-02
5.2,4.762498,-2.215503e-02
5.2,5.237502,-1.644699e-02
5.2,5.712507,-1.445181e-02
5.2,6.187512,-1.039486e-02
5.2,6.662516,-9.044996e-03
5.2,7.137521,-1.043804e-02
5.2,7.612525,-7.903276e-03
5.2,8.087530,-7.889136e-03
5.2,8.562535,-8.651473e-03
5.2,9.037539,-1.126100e-02
5.2,9.512544,-1.164256e-02
5.3,0.487456,-1.252523e-01
5.3,0.962461,-1.740810e-01
5.3,1.437465,-1.210097e-01
5.3,1.912470,-1.112298e-01
5.3,2.387475,-7.457060e-02
5.3,2.862479,-5.686945e-02
5.3,3.337484,-4.984518e-02
5.3,3.812489,-4.375563e-02
5.3,4.287493,-3.207257e-02
5.3,4.762498,-2.488290e-02
5.3,5.237502,-2.029035e-02
5.3,5.712507,-1.769945e-02
5.3,6.187512,-1.252631e-02
5.3,6.662516,-1.059476e-02
5.3,7.137521,-1.090289e-02
5.3,7.612525,-8.324478e-03
5.3,8.087530,-7.717437e-03
5.3,8.562535,-8.387203e-03
5.3,9.037539,-1.094557e-02
5.3,9.512544,-1.137969e-02
5.4,0.487456,-1.161051e-01
5.4,0.962461,-1.693789e-01
5.4,1.437465,-1.127414e-01
5.4,1.912470,-1.029875e-01
5.4,2.387475,-7.311535e-02
5.4,2.862479,-5.732890e-02
5.4,3.337484,-5.239174e-02
5.4,3.812489,-4.711915e-02
5.4,4.287493,-3.656105e-02
5.4,4.762498,-2.779370e-02
5.4,5.237502,-2.510729e-02
5.4,5.712507,-2.149672e-02
5.4,6.187512,-1.559060e-02
5.4,6.662516,-1.279626e-02
5.4,7.137521,-1.158514e-02
5.4,7.612525,-9.243367e-03
5.4,8.087530,-7.843917e-03
5.4,8.562535,-8.347396e-03
5.4,9.037539,-1.068275e-02
5.4,9.512544,-1.123618e-02
5.5,0.487456,-1.083677e-01
5.5,0.962461,-1.650950e-01
5.5,1.437465,-1.046584e-01
5.5,1.912470,-9.399280e-02
5.5,2.387475,-6.629321e-02
5.5,2.862479,-5.465601e-02
5.5,3.337484,-5.069180e-02
5.5,3.812489,-4.638228e-02
5.5,4.287493,-3.791439e-02
5.5,4.762498,-2.897500e-02
5.5,5.237502,-2.803812e-02
5.5,5.712507,-2.399593e-02
5.5,6.187512,-1.798117e-02
5.5,6.662516,-1.465645e-02
5.5,7.137521,-1.225429e-02
5.5,7.612525,-1.017434e-02
5.5,8.087530,-7.981047e-03
5.5,8.562535,-8.291986e-03
5.5,9.037539,-1.052485e-02
5.5,9.512544,-1.106045e-02
5.6,0.487456,-1.058408e-01
5.6,0.962461,-1.629270e-01
5.6,1.437465,-1.009073e-01
5.6,1.912470,-8.961222e-02
5.6,2.387475,-5.944811e-02
5.6,2.862479,-5.184923e-02
5.6,3.337484,-4.742301e-02
5.6,3.812489,-4.384764e-02
5.6,4.287493,-3.715943e-02
5.6,4.762498,-2.903247e-02
5.6,5.237502,-2.902937e-02
5.6,5.712507,-2.520372e-02
5.6,6.187512,-1.948135e-02
5.6,6.662516,-1.597135e-02
5.6,7.137521,-1.281630e-02
5.6,7.612525,-1.095649e-02
5.6,8.087530,-8.166605e-03
5.6,8.562535,-8.264341e-03
5.6,9.037539,-1.023202e-02
5.6,9.512544,-1.088330e-02
5.7,0.487456,-1.058676e-01
5.7,0.962461,-1.626857e-01
5.7,1.437465,-1.002831e-01
5.7,1.912470,-8.877281e-02
5.7,2.387475,-5.407732e-02
5.7,2.862479,-4.919492e-02
5.7,3.337484,-4.413485e-02
5.7,3.812489,-4.112112e-02
5.7,4.287493,-3.545253e-02
5.7,4.762498,-2.836412e-02
5.7,5.237502,-2.873048e-02
5.7,5.712507,-2.534509e-02
5.7,6.187512,-2.006854e-02
5.7,6.662516,-1.665319e-02
5.7,7.137521,-1.313165e-02
5.7,7.612525,-1.149529e-02
5.7,8.087530,-8.361226e-03
5.7,8.562535,-8.280533e-03
5.7,9.037539,-9.880020e-03
5.7,9.512544,-1.073875e-02
5.8,0.487456,-1.093349e-01
5.8,0.962461,-1.642579e-01
5.8,1.437465,-1.034048e-01
5.8,1.912470,-9.199496e-02
5.8,2.387475,-5.297750e-02
5.8,2.862479,-4.771897e-02
5.8,3.337484,-4.206197e-02
5.8,3.812489,-3.933503e-02
5.8,4.287493,-3.429433e-02
5.8,4.762498,-2.786894e-02
5.8,5.237502,-2.835540e-02
5.8,5.712507,-2.527582e-02
5.8,6.187512,-2.035777e-02
5.8,6.662516,-1.703599e-02
5.8,7.137521,-1.339676e-02
5.8,7.612525,-1.193617e-02
5.8,8.087530,-8.654069e-03
5.8,8.562535,-8.368614e-03
5.8,9.037539,-9.783608e-03
5.8,9.512544,-1.063433e-02
5.9,0.487456,-1.146299e-01
5.9,0.962461,-1.716188e-01
5.9,1.437465,-1.078979e-01
5.9,1.912470,-9.678771e-02
5.9,2.387475,-5.494634e-02
5.9,2.862479,-4.799093e-02
5.9,3.337484,-4.095110e-02
5.9,3.812489,-3.782451e-02
5.9,4.287493,-3.314764e-02
5.9,4.762498,-2.745966e-02
5.9,5.237502,-2.762780e-02
5.9,5.712507,-2.498315e-02
5.9,6.187512,-2.024968e-02
5.9,6.662516,-1.709627e-02
5.9,7.137521,-1.346018e-02
5.9,7.612525,-1.213512e-02
5.9,8.087530,-8.910452e-03
5.9,8.562535,-8.515578e-03
5.9,9.037539,-9.749012e-03
5.9,9.512544,-1.060246e-02
6,0.487456,-1.174484e-01
6,0.962461,-1.749552e-01
6,1.437465,-1.105911e-01
6,1.912470,-1.003170e-01
6,2.387475,-5.762407e-02
6,2.862479,-4.892349e-02
6,3.337484,-3.994502e-02
6,3.812489,-3.592097e-02
6,4.287493,-3.125498e-02
6,4.762498,-2.636640e-02
6,5.237502,-2.585530e-02
6,5.712507,-2.416571e-02
6,6.187512,-1.978641e-02
6,6.662516,-1.706452e-02
6,7.137521,-1.375312e-02
6,7.612525,-1.245372e-02
6,8.087530,-9.336894e-03
6,8.562535,-8.705928e-03
6,9.037539,-9.590445e-03
6,9.512544,-1.043973e-02
6.1,0.487456,-1.165676e-01
6.1,0.962461,-1.703065e-01
6.1,1.437465,-1.114972e-01
6.1,1.912470,-1.017183e-01
6.1,2.387475,-6.111497e-02
6.1,2.862479,-4.995984e-02
6.1,3.337484,-4.069788e-02
6.1,3.812489,-3.550922e-02
6.1,4.287493,-2.912555e-02
6.1,4.762498,-2.471411e-02
6.1,5.237502,-2.300089e-02
6.1,5.712507,-2.231344e-02
6.1,6.187512,-1.843895e-02
6.1,6.662516,-1.673413e-02
6.1,7.137521,-1.387874e-02
6.1,7.612525,-1.298945e-02
6.1,8.087530,-1.004259e-02
6.1,8.562535,-8.978135e-03
6.1,9.037539,-9.412082e-03
6.1,9.512544,-1.018895e-02
6.2,0.487456,-1.138690e-01
6.2,0.962461,-1.710607e-01
6.2,1.437465,-1.095643e-01
6.2,1.912470,-9.796947e-02
6.2,2.387475,-6.260013e-02
6.2,2.862479,-5.166597e-02
6.2,3.337484,-4.259761e-02
6.2,3.812489,-3.633388e-02
6.2,4.287493,-2.904656e-02
6.2,4.762498,-2.480783e-02
6.2,5.237502,-2.210429e-02
6.2,5.712507,-2.141951e-02
6.2,6.187512,-1.765917e-02
6.2,6.662516,-1.648250e-02
6.2,7.137521,-1.408189e-02
6.2,7.612525,-1.322380e-02
6.2,8.087530,-1.037357e-02
6.2,8.562535,-9.150252e-03
6.2,9.037539,-9.543654e-03
6.2,9.512544,-1.015956e-02
6.3,0.487456,-1.087990e-01
6.3,0.962461,-1.692857e-01
6.3,1.437465,-1.050949e-01
6.3,1.912470,-9.381865e-02
6.3,2.387475,-6.462829e-02
6.3,2.862479,-5.370228e-02
6.3,3.337484,-4.564971e-02
6.3,3.812489,-3.893130e-02
6.3,4.287493,-3.033769e-02
6.3,4.762498,-2.545343e-02
6.3,5.237502,-2.205919e-02
6.3,5.712507,-2.127845e-02
6.3,6.187512,-1.728746e-02
6.3,6.662516,-1.641535e-02
6.3,7.137521,-1.423129e-02
6.3,7.612525,-1.347770e-02
6.3,8.087530,-1.058095e-02
6.3,8.562535,-9.270286e-03
6.3,9.037539,-9.594986e-03
6.3,9.512544,-1.006894e-02
6.4,0.487456,-1.040025e-01
6.4,0.962461,-1.693639e-01
6.4,1.437465,-9.920864e-02
6.4,1.912470,-8.720748e-02
6.4,2.387475,-6.480324e-02
6.4,2.862479,-5.541012e-02
6.4,3.337484,-4.855586e-02
6.4,3.812489,-4.214719e-02
6.4,4.287493,-3.341851e-02
6.4,4.762498,-2.740140e-02
6.4,5.237502,-2.373731e-02
6.4,5.712507,-2.221641e-02
6.4,6.187512,-1.799702e-02
6.4,6.662516,-1.689449e-02
6.4,7.137521,-1.452515e-02
6.4,7.612525,-1.374723e-02
6.4,8.087530,-1.072762e-02
6.4,8.562535,-9.372264e-03
6.4,9.037539,-9.696458e-03
6.4,9.512544,-1.005780e-02
6.5,0.487456,-1.035327e-01
6.5,0.962461,-1.702032e-01
6.5,1.437465,-9.638479e-02
6.5,1.912470,-8.320853e-02
6.5,2.387475,-6.035276e-02
6.5,2.862479,-5.376257e-02
6.5,3.337484,-4.757491e-02
6.5,3.812489,-4.240778e-02
6.5,4.287493,-3.490427e-02
6.5,4.762498,-2.911240e-02
6.5,5.237502,-2.593313e-02
6.5,5.712507,-2.362287e-02
6.5,6.187512,-1.922542e-02
6.5,6.662516,-1.762206e-02
6.5,7.137521,-1.515794e-02
6.5,7.612525,-1.412901e-02
6.5,8.087530,-1.101836e-02
6.5,8.562535,-9.565830e-03
6.5,9.037539,-9.656602e-03
6.5,9.512544,-9.979224e-03
6.6,0.487456,-1.079947e-01
6.6,0.962461,-1.738796e-01
6.6,1.437465,-9.943039e-02
6.6,1.912470,-8.579910e-02
6.6,2.387475,-5.696230e-02
6.6,2.862479,-5.211759e-02
6.6,3.337484,-4.479819e-02
6.6,3.812489,-4.051449e-02
6.6,4.287493,-3.384708e-02
6.6,4.762498,-2.937384e-02
6.6,5.237502,-2.666277e-02
6.6,5.712507,-2.425152e-02
6.6,6.187512,-1.998412e-02
6.6,6.662516,-1.802176e-02
6.6,7.137521,-1.556505e-02
6.6,7.612525,-1.438806e-02
6.6,8.087530,-1.133999e-02
6.6,8.562535,-9.797160e-03
6.6,9.037539,-9.788129e-03
6.6,9.512544,-9.876695e-03
6.7,0.487456,-1.154477e-01
6.7,0.962461,-1.781485e-01
6.7,1.437465,-1.083386e-01
6.7,1.912470,-9.702306e-02
6.7,2.387475,-5.829613e-02
6.7,2.862479,-5.271953e-02
6.7,3.337484,-4.359570e-02
6.7,3.812489,-4.007562e-02
6.7,4.287493,-3.238897e-02
6.7,4.762498,-2.873035e-02
6.7,5.237502,-2.625351e-02
6.7,5.712507,-2.391181e-02
6.7,6.187512,-2.002144e-02
6.7,6.662516,-1.789877e-02
6.7,7.137521,-1.563230e-02
6.7,7.612525,-1.448797e-02
6.7,8.087530,-1.166247e-02
6.7,8.562535,-1.005882e-02
6.7,9.037539,-9.709957e-03
6.7,9.512544,-9.786588e-03
6.8,0.487456,-1.215335e-01
6.8,0.962461,-1.793903e-01
6.8,1.437465,-1.156428e-01
6.8,1.912470,-1.063228e-01
6.8,2.387475,-6.173457e-02
6.8,2.862479,-5.418949e-02
6.8,3.337484,-4.413019e-02
6.8,3.812489,-4.138144e-02
6.8,4.287493,-3.234793e-02
6.8,4.762498,-2.897619e-02
6.8,5.237502,-2.616262e-02
6.8,5.712507,-2.330883e-02
6.8,6.187512,-1.981436e-02
6.8,6.662516,-1.744821e-02
6.8,7.137521,-1.566913e-02
6.8,7.612525,-1.434012e-02
6.8,8.087530,-1.184602e-02
6.8,8.562535,-1.024220e-02
6.8,9.037539,-9.710336e-03
6.8,9.512544,-9.706860e-03
6.9,0.487456,-1.252453e-01
6.9,0.962461,-1.815389e-01
6.9,1.437465,-1.198121e-01
6.9,1.912470,-1.102832e-01
6.9,2.387475,-6.147661e-02
6.9,2.862479,-5.328350e-02
6.9,3.337484,-4.248267e-02
6.9,3.812489,-3.972037e-02
6.9,4.287493,-3.133679e-02
6.9,4.762498,-2.861659e-02
6.9,5.237502,-2.576724e-02
6.9,5.712507,-2.278565e-02
6.9,6.187512,-1.963383e-02
6.9,6.662516,-1.708002e-02
6.9,7.137521,-1.574069e-02
6.9,7.612525,-1.414744e-02
6.9,8.087530,-1.192304e-02
6.9,8.562535,-1.035276e-02
6.9,9.037539,-9.828025e-03
6.9,9.512544,-9.668618e-03
7,0.487456,-1.260770e-01
7,0.962461,-1.753671e-01
7,1.437465,-1.230132e-01
7,1.912470,-1.161244e-01
7,2.387475,-5.986939e-02
7,2.862479,-5.038920e-02
7,3.337484,-3.967657e-02
7,3.812489,-3.679959e-02
7,4.287493,-2.823187e-02
7,4.762498,-2.618305e-02
7,5.237502,-2.337878e-02
7,5.712507,-2.140951e-02
7,6.187512,-1.876394e-02
7,6.662516,-1.648876e-02
7,7.137521,-1.534924e-02
7,7.612525,-1.377336e-02
7,8.087530,-1.192794e-02
7,8.562535,-1.051815e-02
7,9.037539,-9.764113e-03
7,9.512544,-9.506966e-03
7.1,0.487456,-1.219382e-01
7.1,0.962461,-1.714033e-01
7.1,1.437465,-1.190980e-01
7.1,1.912470,-1.115063e-01
7.1,2.387475,-6.004897e-02
7.1,2.862479,-5.005895e-02
7.1,3.337484,-3.912648e-02
7.1,3.812489,-3.594780e-02
7.1,4.287493,-2.769682e-02
7.1,4.762498,-2.559745e-02
7.1,5.237502,-2.236870e-02
7.1,5.712507,-2.050860e-02
7.1,6.187512,-1.828260e-02
7.1,6.662516,-1.628617e-02
7.1,7.137521,-1.537499e-02
7.1,7.612525,-1.377854e-02
7.1,8.087530,-1.205259e-02
7.1,8.562535,-1.063510e-02
7.1,9.037539,-9.853339e-03
7.1,9.512544,-9.468932e-03
7.2,0.487456,-1.172699e-01
7.2,0.962461,-1.644947e-01
7.2,1.437465,-1.142568e-01
7.2,1.912470,-1.060788e-01
7.2,2.387475,-5.727182e-02
7.2,2.862479,-4.866665e-02
7.2,3.337484,-3.813151e-02
7.2,3.812489,-3.490706e-02
7.2,4.287493,-2.680964e-02
7.2,4.762498,-2.503600e-02
7.2,5.237502,-2.173243e-02
7.2,5.712507,-1.974539e-02
7.2,6.187512,-1.770791e-02
7.2,6.662516,-1.583138e-02
7.2,7.137521,-1.523336e-02
7.2,7.612525,-1.368588e-02
7.2,8.087530,-1.212331e-02
7.2,8.562535,-1.072733e-02
7.2,9.037539,-9.918436e-03
7.2,9.512544,-9.386576e-03
7.3,0.487456,-1.124835e-01
7.3,0.962461,-1.616381e-01
7.3,1.437465,-1.093024e-01
7.3,1.912470,-1.011090e-01
7.3,2.387475,-5.961336e-02
7.3,2.862479,-4.949934e-02
7.3,3.337484,-3.928066e-02
7.3,3.812489,-3.543146e-02
7.3,4.287493,-2.740215e-02
7.3,4.762498,-2.500544e-02
7.3,5.237502,-2.176826e-02
7.3,5.712507,-1.968511e-02
7.3,6.187512,-1.762361e-02
7.3,6.662516,-1.565613e-02
7.3,7.137521,-1.512265e-02
7.3,7.612525,-1.361470e-02
7.3,8.087530,-1.219672e-02
7.3,8.562535,-1.077947e-02
7.3,9.037539,-9.967782e-03
7.3,9.512544,-9.354342e-03
7.4,0.487456,-1.083008e-01
7.4,0.962461,-1.575844e-01
7.4,1.437465,-1.056930e-01
7.4,1.912470,-9.874193e-02
7.4,2.387475,-6.101849e-02
7.4,2.862479,-5.005883e-02
7.4,3.337484,-4.076737e-02
7.4,3.812489,-3.678387e-02
7.4,4.287493,-2.827086e-02
7.4,4.762498,-2.502809e-02
7.4,5.237502,-2.203112e-02
7.4,5.712507,-1.989938e-02
7.4,6.187512,-1.739052e-02
7.4,6.662516,-1.537475e-02
7.4,7.137521,-1.478646e-02
7.4,7.612525,-1.332305e-02
7.4,8.087530,-1.204217e-02
7.4,8.562535,-1.072435e-02
7.4,9.037539,-9.954907e-03
7.4,9.512544,-9.284925e-03
7.5,0.487456,-1.064000e-01
7.5,0.962461,-1.573899e-01
7.5,1.437465,-1.043732e-01
7.5,1.912470,-9.779109e-02
7.5,2.387475,-6.094455e-02
7.5,2.862479,-5.089341e-02
7.5,3.337484,-4.145753e-02
7.5,3.812489,-3.746034e-02
7.5,4.287493,-2.893206e-02
7.5,4.762498,-2.547698e-02
7.5,5.237502,-2.246786e-02
7.5,5.712507,-2.021460e-02
7.5,6.187512,-1.748057e-02
7.5,6.662516,-1.538960e-02
7.5,7.137521,-1.470186e-02
7.5,7.612525,-1.322972e-02
7.5,8.087530,-1.197367e-02
7.5,8.562535,-1.072560e-02
7.5,9.037539,-1.007945e-02
7.5,9.512544,-9.250805e-03
7.6,0.487456,-1.045383e-01
7.6,0.962461,-1.552357e-01
7.6,1.437465,-1.030722e-01
7.6,1.912470,-9.565160e-02
7.6,2.387475,-5.818149e-02
7.6,2.862479,-4.955120e-02
7.6,3.337484,-4.021100e-02
7.6,3.812489,-3.632239e-02
7.6,4.287493,-2.827031e-02
7.6,4.762498,-2.507007e-02
7.6,5.237502,-2.206083e-02
7.6,5.712507,-1.998383e-02
7.6,6.187512,-1.710672e-02
7.6,6.662516,-1.511958e-02
7.6,7.137521,-1.447229e-02
7.6,7.612525,-1.295362e-02
7.6,8.087530,-1.174315e-02
7.6,8.562535,-1.063180e-02
7.6,9.037539,-9.974117e-03
7.6,9.512544,-9.209553e-03
7.7,0.487456,-1.039961e-01
7.7,0.962461,-1.535815e-01
7.7,1.437465,-1.022335e-01
7.7,1.912470,-9.293322e-02
7.7,2.387475,-5.437170e-02
7.7,2.862479,-4.770062e-02
7.7,3.337484,-3.830789e-02
7.7,3.812489,-3.467948e-02
7.7,4.287493,-2.701045e-02
7.7,4.762498,-2.440394e-02
7.7,5.237502,-2.109161e-02
7.7,5.712507,-1.924039e-02
7.7,6.187512,-1.635940e-02
7.7,6.662516,-1.460528e-02
7.7,7.137521,-1.416645e-02
7.7,7.612525,-1.258841e-02
7.7,8.087530,-1.144720e-02
7.7,8.562535,-1.046768e-02
7.7,9.037539,-9.937103e-03
7.7,9.512544,-9.142775e-03
7.8,0.487456,-1.057355e-01
7.8,0.962461,-1.527255e-01
7.8,1.437465,-1.031680e-01
7.8,1.912470,-9.155795e-02
7.8,2.387475,-5.236513e-02
7.8,2.862479,-4.631487e-02
7.8,3.337484,-3.716694e-02
7.8,3.812489,-3.379382e-02
7.8,4.287493,-2.632073e-02
7.8,4.762498,-2.388948e-02
7.8,5.237502,-2.063323e-02
7.8,5.712507,-1.877396e-02
7.8,6.187512,-1.600801e-02
7.8,6.662516,-1.430963e-02
7.8,7.137521,-1.400622e-02
7.8,7.612525,-1.240891e-02
7.8,8.087530,-1.131415e-02
7.8,8.562535,-1.039450e-02
7.8,9.037539,-1.006121e-02
7.8,9.512544,-9.113216e-03
7.9,0.487456,-1.069633e-01
7.9,0.962461,-1.536692e-01
7.9,1.437465,-1.033658e-01
7.9,1.912470,-8.943667e-02
7.9,2.387475,-5.026142e-02
7.9,2.862479,-4.517243e-02
7.9,3.337484,-3.588549e-02
7.9,3.812489,-3.238918e-02
7.9,4.287493,-2.552377e-02
7.9,4.762498,-2.346880e-02
7.9,5.237502,-2.012556e-02
7.9,5.712507,-1.824148e-02
7.9,6.187512,-1.560394e-02
7.9,6.662516,-1.395752e-02
7.9,7.137521,-1.387156e-02
7.9,7.612525,-1.213535e-02
7.9,8.087530,-1.113951e-02
7.9,8.562535,-1.027067e-02
7.9,9.037539,-1.011902e-02
7.9,9.512544,-9.071217e-03
8,0.487456,-1.093617e-01
8,0.962461,-1.549923e-01
8,1.437465,-1.045845e-01
8,1.912470,-8.871632e-02
8,2.387475,-4.812476e-02
8,2.862479,-4.443715e-02
8,3.337484,-3.501665e-02
8,3.812489,-3.146258e-02
8,4.287493,-2.482462e-02
8,4.762498,-2.297790e-02
8,5.237502,-1.974804e-02
8,5.712507,-1.789045e-02
8,6.187512,-1.530844e-02
8,6.662516,-1.372152e-02
8,7.137521,-1.361225e-02
8,7.612525,-1.196871e-02
8,8.087530,-1.103969e-02
8,8.562535,-1.021140e-02
8,9.037539,-1.006527e-02
8,9.512544,-9.053411e-03
8.1,0.487456,-1.119181e-01
8.1,0.962461,-1.575420e-01
8.1,1.437465,-1.056376e-01
8.1,1.912470,-8.829827e-02
8.1,2.387475,-4.763375e-02
8.1,2.862479,-4.436925e-02
8.1,3.337484,-3.508544e-02
8.1,3.812489,-3.125158e-02
8.1,4.287493,-2.477224e-02
8.1,4.762498,-2.290953e-02
8.1,5.237502,-1.960532e-02
8.1,5.712507,-1.786749e-02
8.1,6.187512,-1.511501e-02
8.1,6.662516,-1.362562e-02
8.1,7.137521,-1.335681e-02
8.1,7.612525,-1.186608e-02
8.1,8.087530,-1.093659e-02
8.1,8.562535,-1.014222e-02
8.1,9.037539,-1.006058e-02
8.1,9.512544,-9.021922e-03
8.2,0.487456,-1.099118e-01
8.2,0.962461,-1.568841e-01
8.2,1.437465,-1.018999e-01
8.2,1.912470,-8.555097e-02
8.2,2.387475,-4.988494e-02
8.2,2.862479,-4.625412e-02
8.2,3.337484,-3.815286e-02
8.2,3.812489,-3.469882e-02
8.2,4.287493,-2.908738e-02
8.2,4.762498,-2.544034e-02
8.2,5.237502,-2.350452e-02
8.2,5.712507,-2.087449e-02
8.2,6.187512,-1.752713e-02
8.2,6.662516,-1.535229e-02
8.2,7.137521,-1.388531e-02
8.2,7.612525,-1.239368e-02
8.2,8.087530,-1.108676e-02
8.2,8.562535,-1.021846e-02
8.2,9.037539,-1.004730e-02
8.2,9.512544,-9.006291e-03
8.3,0.487456,-1.012412e-01
8.3,0.962461,-1.524292e-01
8.3,1.437465,-9.294100e-02
8.3,1.912470,-7.809139e-02
8.3,2.387475,-4.798035e-02
8.3,2.862479,-4.558661e-02
8.3,3.337484,-3.824382e-02
8.3,3.812489,-3.560545e-02
8.3,4.287493,-3.098178e-02
8.3,4.762498,-2.731038e-02
8.3,5.237502,-2.767208e-02
8.3,5.712507,-2.497838e-02
8.3,6.187512,-2.246570e-02
8.3,6.662516,-1.914808e-02
8.3,7.137521,-1.582691e-02
8.3,7.612525,-1.417128e-02
8.3,8.087530,-1.211644e-02
8.3,8.562535,-1.058578e-02
8.3,9.037539,-1.017626e-02
8.3,9.512544,-9.024144e-03
8.4,0.487456,-9.464606e-02
8.4,0.962461,-1.529543e-01
8.4,1.437465,-8.676000e-02
8.4,1.912470,-7.155084e-02
8.4,2.387475,-4.520210e-02
8.4,2.862479,-4.462219e-02
8.4,3.337484,-3.725016e-02
8.4,3.812489,-3.484864e-02
8.4,4.287493,-3.108570e-02
8.4,4.762498,-2.774667e-02
8.4,5.237502,-2.784696e-02
8.4,5.712507,-2.556693e-02
8.4,6.187512,-2.328298e-02
8.4,6.662516,-2.033391e-02
8.4,7.137521,-1.675470e-02
8.4,7.612525,-1.544983e-02
8.4,8.087530,-1.306968e-02
8.4,8.562535,-1.100778e-02
8.4,9.037539,-1.026681e-02
8.4,9.512544,-9.061420e-03
8.5,0.487456,-9.270973e-02
8.5,0.962461,-1.490687e-01
8.5,1.437465,-8.560880e-02
8.5,1.912470,-7.127042e-02
8.5,2.387475,-4.332163e-02
8.5,2.862479,-4.314609e-02
8.5,3.337484,-3.594576e-02
8.5,3.812489,-3.340694e-02
8.5,4.287493,-2.966100e-02
8.5,4.762498,-2.665956e-02
8.5,5.237502,-2.626581e-02
8.5,5.712507,-2.450515e-02
8.5,6.187512,-2.156521e-02
8.5,6.662516,-1.942046e-02
8.5,7.137521,-1.613224e-02
8.5,7.612525,-1.523468e-02
8.5,8.087530,-1.261398e-02
8.5,8.562535,-1.084903e-02
8.5,9.037539,-1.001052e-02
8.5,9.512544,-8.979650e-03
8.6,0.487456,-9.320530e-02
8.6,0.962461,-1.512040e-01
8.6,1.437465,-8.783802e-02
8.6,1.912470,-7.444960e-02
8.6,2.387475,-4.582222e-02
8.6,2.862479,-4.375747e-02
8.6,3.337484,-3.662469e-02
8.6,3.812489,-3.373904e-02
8.6,4.287493,-2.975807e-02
8.6,4.762498,-2.657635e-02
8.6,5.237502,-2.578804e-02
8.6,5.712507,-2.440960e-02
8.6,6.187512,-2.100442e-02
8.6,6.662516,-1.915188e-02
8.6,7.137521,-1.583512e-02
8.6,7.612525,-1.512963e-02
8.6,8.087530,-1.232051e-02
8.6,8.562535,-1.078507e-02
8.6,9.037539,-9.828221e-03
8.6,9.512544,-8.981450e-03
8.7,0.487456,-9.870962e-02
8.7,0.962461,-1.552327e-01
8.7,1.437465,-9.453185e-02
8.7,1.912470,-8.244670e-02
8.7,2.387475,-4.878470e-02
8.7,2.862479,-4.461972e-02
8.7,3.337484,-3.704107e-02
8.7,3.812489,-3.364556e-02
8.7,4.287493,-2.896173e-02
8.7,4.762498,-2.587395e-02
8.7,5.237502,-2.417568e-02
8.7,5.712507,-2.337791e-02
8.7,6.187512,-1.929778e-02
8.7,6.662516,-1.798073e-02
8.7,7.137521,-1.504706e-02
8.7,7.612525,-1.439882e-02
8.7,8.087530,-1.151832e-02
8.7,8.562535,-1.044443e-02
8.7,9.037539,-9.730493e-03
8.7,9.512544,-8.958930e-03
8.8,0.487456,-1.069470e-01
8.8,0.962461,-1.566892e-01
8.8,1.437465,-1.045465e-01
8.8,1.912470,-9.444305e-02
8.8,2.387475,-5.069475e-02
8.8,2.862479,-4.470305e-02
8.8,3.337484,-3.662731e-02
8.8,3.812489,-3.284009e-02
8.8,4.287493,-2.738213e-02
8.8,4.762498,-2.443512e-02
8.8,5.237502,-2.226212e-02
8.8,5.712507,-2.178257e-02
8.8,6.187512,-1.777742e-02
8.8,6.662516,-1.685960e-02
8.8,7.137521,-1.455448e-02
8.8,7.612525,-1.413221e-02
8.8,8.087530,-1.128763e-02
8.8,8.562535,-1.035345e-02
8.8,9.037539,-9.561445e-03
8.8,9.512544,-8.957027e-03
8.9,0.487456,-1.151347e-01
8.9,0.962461,-1.626522e-01
8.9,1.437465,-1.128155e-01
8.9,1.912470,-1.038074e-01
8.9,2.387475,-5.186516e-02
8.9,2.862479,-4.516749e-02
8.9,3.337484,-3.621862e-02
8.9,3.812489,-3.248951e-02
8.9,4.287493,-2.643769e-02
8.9,4.762498,-2.387070e-02
8.9,5.237502,-2.116835e-02
8.9,5.712507,-2.068044e-02
8.9,6.187512,-1.676909e-02
8.9,6.662516,-1.595359e-02
8.9,7.137521,-1.428243e-02
8.9,7.612525,-1.382264e-02
8.9,8.087530,-1.120181e-02
8.9,8.562535,-1.032633e-02
8.9,9.037539,-9.561039e-03
8.9,9.512544,-8.974406e-03
9,0.487456,-1.185447e-01
9,0.962461,-1.669300e-01
9,1.437465,-1.153752e-01
9,1.912470,-1.068530e-01
9,2.387475,-5.099330e-02
9,2.862479,-4.440533e-02
9,3.337484,-3.423247e-02
9,3.812489,-3.065113e-02
9,4.287493,-2.497868e-02
9,4.762498,-2.312017e-02
9,5.237502,-1.982950e-02
9,5.712507,-1.943348e-02
9,6.187512,-1.573829e-02
9,6.662516,-1.494179e-02
9,7.137521,-1.381133e-02
9,7.612525,-1.321471e-02
9,8.087530,-1.093140e-02
9,8.562535,-1.016201e-02
9,9.037539,-9.590478e-03
9,9.512544,-8.944615e-03
9.1,0.487456,-1.176857e-01
9.1,0.962461,-1.653087e-01
9.1,1.437465,-1.137385e-01
9.1,1.912470,-1.042496e-01
9.1,2.387475,-4.947426e-02
9.1,2.862479,-4.271079e-02
9.1,3.337484,-3.125397e-02
9.1,3.812489,-2.739719e-02
9.1,4.287493,-2.241291e-02
9.1,4.762498,-2.161156e-02
9.1,5.237502,-1.792359e-02
9.1,5.712507,-1.782922e-02
9.1,6.187512,-1.459218e-02
9.1,6.662516,-1.385176e-02
9.1,7.137521,-1.316832e-02
9.1,7.612525,-1.245924e-02
9.1,8.087530,-1.060918e-02
9.1,8.562535,-9.959380e-03
9.1,9.037539,-9.346139e-03
9.1,9.512544,-8.912928e-03
9.2,0.487456,-1.151558e-01
9.2,0.962461,-1.660639e-01
9.2,1.437465,-1.111501e-01
9.2,1.912470,-1.003551e-01
9.2,2.387475,-5.133508e-02
9.2,2.862479,-4.381401e-02
9.2,3.337484,-3.199790e-02
9.2,3.812489,-2.736938e-02
9.2,4.287493,-2.217051e-02
9.2,4.762498,-2.140501e-02
9.2,5.237502,-1.728979e-02
9.2,5.712507,-1.734166e-02
9.2,6.187512,-1.415967e-02
9.2,6.662516,-1.350919e-02
9.2,7.137521,-1.312728e-02
9.2,7.612525,-1.214654e-02
9.2,8.087530,-1.044911e-02
9.2,8.562535,-9.860922e-03
9.2,9.037539,-9.368104e-03
9.2,9.512544,-8.923565e-03
9.3,0.487456,-1.110481e-01
9.3,0.962461,-1.629861e-01
9.3,1.437465,-1.074210e-01
9.3,1.912470,-9.726610e-02
9.3,2.387475,-5.369316e-02
9.3,2.862479,-4.596209e-02
9.3,3.337484,-3.453226e-02
9.3,3.812489,-3.003190e-02
9.3,4.287493,-2.372438e-02
9.3,4.762498,-2.209974e-02
9.3,5.237502,-1.817577e-02
9.3,5.712507,-1.762661e-02
9.3,6.187512,-1.449121e-02
9.3,6.662516,-1.355264e-02
9.3,7.137521,-1.305941e-02
9.3,7.612525,-1.194531e-02
9.3,8.087530,-1.028783e-02
9.3,8.562535,-9.718771e-03
9.3,9.037539,-9.337537e-03
9.3,9.512544,-8.889242e-03
9.4,0.487456,-1.088191e-01
9.4,0.962461,-1.629873e-01
9.4,1.437465,-1.047429e-01
9.4,1.912470,-9.440711e-02
9.4,2.387475,-5.438242e-02
9.4,2.862479,-4.743850e-02
9.4,3.337484,-3.629744e-02
9.4,3.812489,-3.218982e-02
9.4,4.287493,-2.504146e-02
9.4,4.762498,-2.310154e-02
9.4,5.237502,-1.935885e-02
9.4,5.712507,-1.798324e-02
9.4,6.187512,-1.505163e-02
9.4,6.662516,-1.374475e-02
9.4,7.137521,-1.311752e-02
9.4,7.612525,-1.189278e-02
9.4,8.087530,-1.028067e-02
9.4,8.562535,-9.694679e-03
9.4,9.037539,-9.299675e-03
9.4,9.512544,-8.907388e-03
9.5,0.487456,-1.112732e-01
9.5,0.962461,-1.666973e-01
9.5,1.437465,-1.052974e-01
9.5,1.912470,-9.373004e-02
9.5,2.387475,-5.377536e-02
9.5,2.862479,-4.724618e-02
9.5,3.337484,-3.705564e-02
9.5,3.812489,-3.296535e-02
9.5,4.287493,-2.537701e-02
9.5,4.762498,-2.368091e-02
9.5,5.237502,-1.950436e-02
9.5,5.712507,-1.782453e-02
9.5,6.187512,-1.492265e-02
9.5,6.662516,-1.357066e-02
9.5,7.137521,-1.327687e-02
9.5,7.612525,-1.165226e-02
9.5,8.087530,-1.007901e-02
9.5,8.562535,-9.537522e-03
9.5,9.037539,-9.391163e-03
9.5,9.512544,-8.854291e-03
9.6,0.487456,-1.155580e-01
9.6,0.962461,-1.696726e-01
9.6,1.437465,-1.081180e-01
9.6,1.912470,-9.752907e-02
9.6,2.387475,-5.542842e-02
9.6,2.862479,-4.735497e-02
9.6,3.337484,-3.859204e-02
9.6,3.812489,-3.449938e-02
9.6,4.287493,-2.634896e-02
9.6,4.762498,-2.394161e-02
9.6,5.237502,-1.955197e-02
9.6,5.712507,-1.790738e-02
9.6,6.187512,-1.454699e-02
9.6,6.662516,-1.329290e-02
9.6,7.137521,-1.324251e-02
9.6,7.612525,-1.146302e-02
9.6,8.087530,-9.903700e-03
9.6,8.562535,-9.386789e-03
9.6,9.037539,-9.343033e-03
9.6,9.512544,-8.806705e-03
9.7,0.487456,-1.116159e-01
9.7,0.962461,-1.649668e-01
9.7,1.437465,-1.042385e-01
9.7,1.912470,-9.528472e-02
9.7,2.387475,-5.763724e-02
9.7,2.862479,-4.790685e-02
9.7,3.337484,-4.127957e-02
9.7,3.812489,-3.752904e-02
9.7,4.287493,-3.057617e-02
9.7,4.762498,-2.596192e-02
9.7,5.237502,-2.248959e-02
9.7,5.712507,-2.013391e-02
9.7,6.187512,-1.589025e-02
9.7,6.662516,-1.425244e-02
9.7,7.137521,-1.337476e-02
9.7,7.612525,-1.170416e-02
9.7,8.087530,-9.780581e-03
9.7,8.562535,-9.298561e-03
9.7,9.037539,-9.262751e-03
9.7,9.512544,-8.772030e-03
9.8,0.487456,-1.066146e-01
9.8,0.962461,-1.608098e-01
9.8,1.437465,-9.932235e-02
9.8,1.912470,-8.871512e-02
9.8,2.387475,-5.462496e-02
9.8,2.862479,-4.602582e-02
9.8,3.337484,-4.020191e-02
9.8,3.812489,-3.662155e-02
9.8,4.287493,-3.138229e-02
9.8,4.762498,-2.683228e-02
9.8,5.237502,-2.487527e-02
9.8,5.712507,-2.226480e-02
9.8,6.187512,-1.776294e-02
9.8,6.662516,-1.563608e-02
9.8,7.137521,-1.376664e-02
9.8,7.612525,-1.211987e-02
9.8,8.087530,-9.735021e-03
9.8,8.562535,-9.295227e-03
9.8,9.037539,-9.252060e-03
9.8,9.512544,-8.760050e-03
9.9,0.487456,-1.032098e-01
9.9,0.962461,-1.557008e-01
9.9,1.437465,-9.695785e-02
9.9,1.912470,-8.513413e-02
9.9,2.387475,-5.035272e-02
9.9,2.862479,-4.360795e-02
9.9,3.337484,-3.843420e-02
9.9,3.812489,-3.512461e-02
9.9,4.287493,-3.002555e-02
9.9,4.762498,-2.603719e-02
9.9,5.237502,-2.449330e-02
9.9,5.712507,-2.241672e-02
9.9,6.187512,-1.798404e-02
9.9,6.662516,-1.588151e-02
9.9,7.137521,-1.375073e-02
9.9,7.612525,-1.208099e-02
9.9,8.087530,-9.581631e-03
9.9,8.562535,-9.257571e-03
9.9,9.037539,-9.248540e-03
9.9,9.512544,-8.752532e-03
10,0.487456,-1.028384e-01
10,0.962461,-1.569901e-01
10,1.437465,-9.667208e-02
10,1.912470,-8.367526e-02
10,2.387475,-4.630935e-02
10,2.862479,-4.217327e-02
10,3.337484,-3.660478e-02
10,3.812489,-3.384943e-02
10,4.287493,-2.886507e-02
10,4.762498,-2.549022e-02
10,5.237502,-2.377080e-02
10,5.712507,-2.202164e-02
10,6.187512,-1.765105e-02
10,6.662516,-1.581401e-02
10,7.137521,-1.376124e-02
10,7.612525,-1.207155e-02
10,8.087530,-9.538038e-03
10,8.562535,-9.278554e-03
10,9.037539,-9.286463e-03
10,9.512544,-8.760488e-03
